Instance,vCPU(s),RAM,Temporary storage,Pay as you go with AHB,1 year reserved with AHB,3 year reserved with AHB,Spot with AHB,Add to estimate,Premium SSD Storage,Clock,Burst,Purpose,Single Customer,Constrained CPU,NVMe Disk,GPU,GPU Model,NVIDIA GRID Supported
D2a v4,2,8 GiB,50 GiB,$0.096/hour,$0.0572/hour,$0.0369/hour,$0.0361/hour,,No,2.35,3.35,General,,,,,,
D4a v4,4,16 GiB,100 GiB,$0.192/hour,$0.1144/hour,$0.0737/hour,$0.0722/hour,,No,2.35,3.35,General,,,,,,
D8a v4,8,32 GiB,200 GiB,$0.384/hour,$0.2288/hour,$0.1474/hour,$0.1444/hour,,No,2.35,3.35,General,,,,,,
,,,,,~40% savings,~62% savings,~62% savings,,No,2.35,3.35,General,,,,,,
D16a v4,16,64 GiB,400 GiB,$0.768/hour,$0.4576/hour,$0.2947/hour,$0.2888/hour,,No,2.35,3.35,General,,,,,,
D32a v4,32,128 GiB,800 GiB,$1.536/hour,$0.9151/hour,$0.5894/hour,$0.5776/hour,,No,2.35,3.35,General,,,,,,
D48a v4,48,192 GiB,"1,200 GiB",$2.304/hour,$1.3726/hour,$0.8841/hour,$0.8664/hour,,No,2.35,3.35,General,,,,,,
D64a v4,64,256 GiB,"1,600 GiB",$3.072/hour,$1.8302/hour,$1.1787/hour,$1.1551/hour,,No,2.35,3.35,General,,,,,,
D96a v4,96,384 GiB,"2,400 GiB",$4.608/hour,$2.7453/hour,$1.7681/hour,$1.7327/hour,,No,2.35,3.35,General,,,,,,
D2as v4,2,8 GiB,16 GiB,$0.096/hour,$0.0572/hour,$0.0369/hour,$0.0361/hour,,Yes,2.35,3.35,General,,,,,,
D4as v4,4,16 GiB,32 GiB,$0.192/hour,$0.1144/hour,$0.0737/hour,$0.0722/hour,,Yes,2.35,3.35,General,,,,,,
D8as v4,8,32 GiB,64 GiB,$0.384/hour,$0.2288/hour,$0.1474/hour,$0.1444/hour,,Yes,2.35,3.35,General,,,,,,
D16as v4,16,64 GiB,128 GiB,$0.768/hour,$0.4576/hour,$0.2947/hour,$0.2888/hour,,Yes,2.35,3.35,General,,,,,,
D32as v4,32,128 GiB,256 GiB,$1.536/hour,$0.9151/hour,$0.5894/hour,$0.5776/hour,,Yes,2.35,3.35,General,,,,,,
D48as v4,48,192 GiB,384 GiB,$2.304/hour,$1.3726/hour,$0.8841/hour,$0.8664/hour,,Yes,2.35,3.35,General,,,,,,
D64as v4,64,256 GiB,512 GiB,$3.072/hour,$1.8302/hour,$1.1787/hour,$1.1551/hour,,Yes,2.35,3.35,General,,,,,,
D96as v4,96,384 GiB,768 GiB,$4.608/hour,$2.7453/hour,$1.7681/hour,$1.7327/hour,,Yes,2.35,3.35,General,,,,,,
B1S,1,1 GiB,4 GiB,$0.0104/hour,$0.0061/hour,$0.0040/hour,– –Blank,,No,,2.4,General,,,,,,
B1MS,1,2 GiB,4 GiB,$0.0207/hour,$0.0123/hour,$0.0079/hour,– –Blank,,No,,2.4,General,,,,,,
B2S,2,4 GiB,8 GiB,$0.0416/hour,$0.0244/hour,$0.0157/hour,– –Blank,,No,,2.4,General,,,,,,
B2MS,2,8 GiB,16 GiB,$0.0832/hour,$0.0488/hour,$0.0314/hour,– –Blank,,No,,2.4,General,,,,,,
B4MS,4,16 GiB,32 GiB,$0.166/hour,$0.0974/hour,$0.0627/hour,– –Blank,,No,,2.4,General,,,,,,
B8MS,8,32 GiB,64 GiB,$0.333/hour,$0.1948/hour,$0.1253/hour,– –Blank,,No,,2.4,General,,,,,,
B12MS,12,48 GiB,96 GiB,$0.499/hour,$0.2922/hour,$0.1880/hour,– –Blank,,No,,2.4,General,,,,,,
B16MS,16,64 GiB,128 GiB,$0.666/hour,$0.3895/hour,$0.2507/hour,– –Blank,,No,,2.4,General,,,,,,
B20MS,20,80 GiB,160 GiB,$0.832/hour,$0.4869/hour,$0.3133/hour,– –,,No,,2.4,General,,,,,,
A1 v2,1,2 GiB,10 GiB,$0.036/hour,– –Blank,– –Blank,$0.0076/hour,,No,,2.4,General,,,,,,
A2 v2,2,4 GiB,20 GiB,$0.076/hour,– –Blank,– –Blank,$0.0160/hour,,No,,2.4,General,,,,,,
A2m v2,2,16 GiB,20 GiB,$0.099/hour,– –Blank,– –Blank,$0.0208/hour,,No,,2.4,General,,,,,,
A4 v2,4,8 GiB,40 GiB,$0.159/hour,– –Blank,– –Blank,$0.0334/hour,,No,,2.4,General,,,,,,
A4m v2,4,32 GiB,40 GiB,$0.208/hour,– –Blank,– –Blank,$0.0437/hour,,No,,2.4,General,,,,,,
A8 v2,8,16 GiB,80 GiB,$0.333/hour,– –Blank,– –Blank,$0.0700/hour,,No,,2.4,General,,,,,,
A8m v2,8,64 GiB,80 GiB,$0.437/hour,– –Blank,– –Blank,$0.0918/hour,,No,,2.4,General,,,,,,
D2d v5,2,8 GiB,75 GiB,$0.0565/hour,– –Blank,– –Blank,$0.0226/hour,,No,3.5,3.5,General,,,,,,
D4d v5,4,16 GiB,150 GiB,$0.113/hour,– –Blank,– –Blank,$0.0452/hour,,No,3.5,3.5,General,,,,,,
D8d v5,8,32 GiB,300 GiB,$0.226/hour,– –Blank,– –Blank,$0.0904/hour,,No,3.5,3.5,General,,,,,,
D16d v5,16,64 GiB,600 GiB,$0.452/hour,– –Blank,– –Blank,$0.1808/hour,,No,3.5,3.5,General,,,,,,
D32d v5,32,128 GiB,"1,200 GiB",$0.904/hour,– –Blank,– –Blank,$0.3616/hour,,No,3.5,3.5,General,,,,,,
D48d v5,48,192 GiB,"1,800 GiB",$1.356/hour,– –Blank,– –Blank,$0.5424/hour,,No,3.5,3.5,General,,,,,,
D64d v5,64,256 GiB,"2,400 GiB",$1.808/hour,– –Blank,– –Blank,$0.7232/hour,,No,3.5,3.5,General,,,,,,
D96d v5,96,384 GiB,"2,400 GiB",$2.712/hour,– –Blank,– –Blank,$1.0848/hour,,No,3.5,3.5,General,,,,,,
D2ds v5,2,8 GiB,75 GiB,$0.0565/hour,– –Blank,– –Blank,$0.0226/hour,,Yes,3.5,3.5,General,,,,,,
D4ds v5,4,16 GiB,150 GiB,$0.113/hour,– –Blank,– –Blank,$0.0452/hour,,Yes,3.5,3.5,General,,,,,,
D8ds v5,8,32 GiB,300 GiB,$0.226/hour,– –Blank,– –Blank,$0.0904/hour,,Yes,3.5,3.5,General,,,,,,
D16ds v5,16,64 GiB,600 GiB,$0.452/hour,– –Blank,– –Blank,$0.1808/hour,,Yes,3.5,3.5,General,,,,,,
D32ds v5,32,128 GiB,"1,200 GiB",$0.904/hour,– –Blank,– –Blank,$0.3616/hour,,Yes,3.5,3.5,General,,,,,,
D48ds v5,48,192 GiB,"1,800 GiB",$1.356/hour,– –Blank,– –Blank,$0.5424/hour,,Yes,3.5,3.5,General,,,,,,
D64ds v5,64,256 GiB,"2,400 GiB",$1.808/hour,– –Blank,– –Blank,$0.7232/hour,,Yes,3.5,3.5,General,,,,,,
D96ds v5,96,384 GiB,"2,400 GiB",$2.712/hour,– –Blank,– –Blank,$1.0848/hour,,Yes,3.5,3.5,General,,,,,,
D2 v5,2,8 GiB,N/A,$0.048/hour,– –Blank,– –Blank,$0.0192/hour,,No,3.5,3.5,General,,,,,,
D4 v5,4,16 GiB,N/A,$0.096/hour,– –Blank,– –Blank,$0.0384/hour,,No,3.5,3.5,General,,,,,,
D8 v5,8,32 GiB,N/A,$0.192/hour,– –Blank,– –Blank,$0.0768/hour,,No,3.5,3.5,General,,,,,,
D16 v5,16,64 GiB,N/A,$0.384/hour,– –Blank,– –Blank,$0.1536/hour,,No,3.5,3.5,General,,,,,,
D32 v5,32,128 GiB,N/A,$0.768/hour,– –Blank,– –Blank,$0.3072/hour,,No,3.5,3.5,General,,,,,,
D48 v5,48,192 GiB,N/A,$1.152/hour,– –Blank,– –Blank,$0.4608/hour,,No,3.5,3.5,General,,,,,,
D64 v5,64,256 GiB,N/A,$1.536/hour,– –Blank,– –Blank,$0.6144/hour,,No,3.5,3.5,General,,,,,,
D96 v5,96,384 GiB,N/A,$2.304/hour,– –Blank,– –Blank,$0.9216/hour,,No,3.5,3.5,General,,,,,,
D2s v5,2,8 GiB,N/A,$0.048/hour,– –Blank,– –Blank,$0.0192/hour,,Yes,3.5,3.5,General,,,,,,
D4s v5,4,16 GiB,N/A,$0.096/hour,– –Blank,– –Blank,$0.0384/hour,,Yes,3.5,3.5,General,,,,,,
D8s v5,8,32 GiB,N/A,$0.192/hour,– –Blank,– –Blank,$0.0768/hour,,Yes,3.5,3.5,General,,,,,,
D16s v5,16,64 GiB,N/A,$0.384/hour,– –Blank,– –Blank,$0.1536/hour,,Yes,3.5,3.5,General,,,,,,
D32s v5,32,128 GiB,N/A,$0.768/hour,– –Blank,– –Blank,$0.3072/hour,,Yes,3.5,3.5,General,,,,,,
D48s v5,48,192 GiB,N/A,$1.152/hour,– –Blank,– –Blank,$0.4608/hour,,Yes,3.5,3.5,General,,,,,,
D64s v5,64,256 GiB,N/A,$1.536/hour,– –Blank,– –Blank,$0.6144/hour,,Yes,3.5,3.5,General,,,,,,
D96s v5,96,384 GiB,N/A,$2.304/hour,– –Blank,– –Blank,$0.9216/hour,,Yes,3.5,3.5,General,,,,,,
D2d v4,2,8 GiB,75 GiB,$0.113/hour,$0.0667/hour,$0.0430/hour,$0.0362/hour,,No,2.5,3.4,General,,,,,,
D4d v4,4,16 GiB,150 GiB,$0.226/hour,$0.1334/hour,$0.0859/hour,$0.0724/hour,,No,2.5,3.4,General,,,,,,
D8d v4,8,32 GiB,300 GiB,$0.452/hour,$0.2667/hour,$0.1718/hour,$0.1448/hour,,No,2.5,3.4,General,,,,,,
D16d v4,16,64 GiB,600 GiB,$0.904/hour,$0.5334/hour,$0.3436/hour,$0.2896/hour,,No,2.5,3.4,General,,,,,,
D32d v4,32,128 GiB,"1,200 GiB",$1.808/hour,$1.0667/hour,$0.6871/hour,$0.5792/hour,,No,2.5,3.4,General,,,,,,
D48d v4,48,192 GiB,"1,800 GiB",$2.712/hour,$1.6002/hour,$1.0306/hour,$0.8687/hour,,No,2.5,3.4,General,,,,,,
D64d v4,64,256 GiB,"2,400 GiB",$3.616/hour,$2.1335/hour,$1.3741/hour,$1.1583/hour,,No,2.5,3.4,General,,,,,,
D2ds v4,2,8 GiB,75 GiB,$0.113/hour,$0.0667/hour,$0.0430/hour,$0.0362/hour,,Yes,2.5,3.4,General,,,,,,
D4ds v4,4,16 GiB,150 GiB,$0.226/hour,$0.1334/hour,$0.0859/hour,$0.0724/hour,,Yes,2.5,3.4,General,,,,,,
D8ds v4,8,32 GiB,300 GiB,$0.452/hour,$0.2667/hour,$0.1718/hour,$0.1448/hour,,Yes,2.5,3.4,General,,,,,,
D16ds v4,16,64 GiB,600 GiB,$0.904/hour,$0.5334/hour,$0.3436/hour,$0.2896/hour,,Yes,2.5,3.4,General,,,,,,
D32ds v4,32,128 GiB,"1,200 GiB",$1.808/hour,$1.0667/hour,$0.6871/hour,$0.5792/hour,,Yes,2.5,3.4,General,,,,,,
D48ds v4,48,192 GiB,"1,800 GiB",$2.712/hour,$1.6002/hour,$1.0306/hour,$0.8687/hour,,Yes,2.5,3.4,General,,,,,,
D64ds v4,64,256 GiB,"2,400 GiB",$3.616/hour,$2.1335/hour,$1.3741/hour,$1.1583/hour,,Yes,2.5,3.4,General,,,,,,
D2 v4,2,8 GiB,N/A,$0.096/hour,$0.0567/hour,$0.0365/hour,$0.0179/hour,,No,2.5,3.4,General,,,,,,
D4 v4,4,16 GiB,N/A,$0.192/hour,$0.1133/hour,$0.0730/hour,$0.0357/hour,,No,2.5,3.4,General,,,,,,
D8 v4,8,32 GiB,N/A,$0.384/hour,$0.2266/hour,$0.1460/hour,$0.0714/hour,,No,2.5,3.4,General,,,,,,
D16 v4,16,64 GiB,N/A,$0.768/hour,$0.4531/hour,$0.2919/hour,$0.1427/hour,,No,2.5,3.4,General,,,,,,
D32 v4,32,128 GiB,N/A,$1.536/hour,$0.9063/hour,$0.5837/hour,$0.2854/hour,,No,2.5,3.4,General,,,,,,
D48 v4,48,192 GiB,N/A,$2.304/hour,$1.3594/hour,$0.8756/hour,$0.4281/hour,,No,2.5,3.4,General,,,,,,
D64 v4,64,256 GiB,N/A,$3.072/hour,$1.8125/hour,$1.1674/hour,$0.5708/hour,,No,2.5,3.4,General,,,,,,
D2s v4,2,8 GiB,N/A,$0.096/hour,$0.0567/hour,$0.0365/hour,$0.0179/hour,,Yes,2.5,3.4,General,,,,,,
D4s v4,4,16 GiB,N/A,$0.192/hour,$0.1133/hour,$0.0730/hour,$0.0357/hour,,Yes,2.5,3.4,General,,,,,,
D8s v4,8,32 GiB,N/A,$0.384/hour,$0.2266/hour,$0.1460/hour,$0.0714/hour,,Yes,2.5,3.4,General,,,,,,
D16s v4,16,64 GiB,N/A,$0.768/hour,$0.4531/hour,$0.2919/hour,$0.1427/hour,,Yes,2.5,3.4,General,,,,,,
D32s v4,32,128 GiB,N/A,$1.536/hour,$0.9063/hour,$0.5837/hour,$0.2854/hour,,Yes,2.5,3.4,General,,,,,,
D48s v4,48,192 GiB,N/A,$2.304/hour,$1.3594/hour,$0.8756/hour,$0.4281/hour,,Yes,2.5,3.4,General,,,,,,
D64s v4,64,256 GiB,N/A,$3.072/hour,$1.8125/hour,$1.1674/hour,$0.5708/hour,,Yes,2.5,3.4,General,,,,,,
D2 v3,2,8 GiB,50 GiB,$0.096/hour,$0.0572/hour,$0.0369/hour,$0.0497/hour,,No,2.1,2.1,General,,,,,,
,,,,,~40% savings,~62% savings,~48% savings,,No,2.1,2.1,General,,,,,,
D4 v3,4,16 GiB,100 GiB,$0.192/hour,$0.1145/hour,$0.0738/hour,$0.0993/hour,,No,2.1,2.1,General,,,,,,
,,,,,~40% savings,~62% savings,~48% savings,,No,2.1,2.1,General,,,,,,
D8 v3,8,32 GiB,200 GiB,$0.384/hour,$0.229/hour,$0.1474/hour,$0.1986/hour,,No,2.1,2.1,General,,,,,,
,,,,,~40% savings,~62% savings,~48% savings,,No,2.1,2.1,General,,,,,,
D16 v3,16,64 GiB,400 GiB,$0.768/hour,$0.4580/hour,$0.2948/hour,$0.3971/hour,,No,2.1,2.1,General,,,,,,
,,,,,~40% savings,~62% savings,~48% savings,,No,2.1,2.1,General,,,,,,
D32 v3,32,128 GiB,800 GiB,$1.536/hour,$0.9160/hour,$0.5896/hour,$0.7942/hour,,No,2.1,2.1,General,,,,,,
,,,,,~40% savings,~62% savings,~48% savings,,No,2.1,2.1,General,,,,,,
D48 v3,48,192 GiB,"1,200 GiB",$2.304/hour,$1.3286/hour,$0.864/hour,$1.1912/hour,,No,2.1,2.1,General,,,,,,
,,,,,~42% savings,~63% savings,~48% savings,,No,2.1,2.1,General,,,,,,
D64 v3,64,256 GiB,"1,600 GiB",$3.072/hour,$1.8320/hour,$1.1792/hour,$1.5883/hour,,No,2.1,2.1,General,,,,,,
,,,,,~40% savings,~62% savings,~48% savings,,No,2.1,2.1,General,,,,,,
D2s v3,2,8 GiB,16 GiB,$0.096/hour,$0.0572/hour,$0.0369/hour,$0.0497/hour,,Yes,2.1,2.1,General,,,,,,
,,,,,~40% savings,~62% savings,~48% savings,,Yes,2.1,2.1,General,,,,,,
D4s v3,4,16 GiB,32 GiB,$0.192/hour,$0.1145/hour,$0.0738/hour,$0.0993/hour,,Yes,2.1,2.1,General,,,,,,
,,,,,~40% savings,~62% savings,~48% savings,,Yes,2.1,2.1,General,,,,,,
D8s v3,8,32 GiB,64 GiB,$0.384/hour,$0.229/hour,$0.1474/hour,$0.1986/hour,,Yes,2.1,2.1,General,,,,,,
,,,,,~40% savings,~62% savings,~48% savings,,Yes,2.1,2.1,General,,,,,,
D16s v3,16,64 GiB,128 GiB,$0.768/hour,$0.4580/hour,$0.2948/hour,$0.3971/hour,,Yes,2.1,2.1,General,,,,,,
,,,,,~40% savings,~62% savings,~48% savings,,Yes,2.1,2.1,General,,,,,,
D32s v3,32,128 GiB,256 GiB,$1.536/hour,$0.9160/hour,$0.5896/hour,$0.7942/hour,,Yes,2.1,2.1,General,,,,,,
,,,,,~40% savings,~62% savings,~48% savings,,Yes,2.1,2.1,General,,,,,,
D48s v3,48,192 GiB,384 GiB,$2.304/hour,$1.3286/hour,$0.864/hour,$1.1912/hour,,Yes,2.1,2.1,General,,,,,,
,,,,,~42% savings,~63% savings,~48% savings,,Yes,2.1,2.1,General,,,,,,
D64s v3,64,256 GiB,512 GiB,$3.072/hour,$1.8320/hour,$1.1792/hour,$1.5883/hour,,Yes,2.1,2.1,General,,,,,,
,,,,,~40% savings,~62% savings,~48% savings,,Yes,2.1,2.1,General,,,,,,
D1 v2,1,3.5 GiB,50 GiB,$0.057/hour,$0.0309/hour,$0.0203/hour,$0.0220/hour,,No,2.1,2.1,General,,,,,,
,,,,,~46% savings,~65% savings,~62% savings,,No,2.1,2.1,General,,,,,,
D2 v2,2,7 GiB,100 GiB,$0.114/hour,$0.0618/hour,$0.0405/hour,$0.0439/hour,,No,2.1,2.1,General,,,,,,
,,,,,~46% savings,~65% savings,~62% savings,,No,2.1,2.1,General,,,,,,
D3 v2,4,14 GiB,200 GiB,$0.229/hour,$0.1236/hour,$0.0809/hour,$0.0881/hour,,No,2.1,2.1,General,,,,,,
,,,,,~46% savings,~65% savings,~62% savings,,No,2.1,2.1,General,,,,,,
D4 v2,8,28 GiB,400 GiB,$0.458/hour,$0.2480/hour,$0.1608/hour,$0.1762/hour,,No,2.1,2.1,General,,,,,,
,,,,,~46% savings,~65% savings,~62% savings,,No,2.1,2.1,General,,,,,,
D5 v2,16,56 GiB,800 GiB,$0.916/hour,$0.4959/hour,$0.3215/hour,$0.3523/hour,,No,2.1,2.1,General,,,,,,
,,,,,~46% savings,~65% savings,~62% savings,,No,2.1,2.1,General,,,,,,
DS1 v2,1,3.5 GiB,7 GiB,$0.057/hour,$0.0309/hour,$0.0203/hour,$0.0220/hour,,Yes,2.1,2.1,General,,,,,,
,,,,,~46% savings,~65% savings,~62% savings,,Yes,2.1,2.1,General,,,,,,
DS2 v2,2,7 GiB,14 GiB,$0.114/hour,$0.0618/hour,$0.0405/hour,$0.0439/hour,,Yes,2.1,2.1,General,,,,,,
,,,,,~46% savings,~65% savings,~62% savings,,Yes,2.1,2.1,General,,,,,,
DS3 v2,4,14 GiB,28 GiB,$0.229/hour,$0.1236/hour,$0.0809/hour,$0.0881/hour,,Yes,2.1,2.1,General,,,,,,
,,,,,~46% savings,~65% savings,~62% savings,,Yes,2.1,2.1,General,,,,,,
DS4 v2,8,28 GiB,56 GiB,$0.458/hour,$0.2480/hour,$0.1608/hour,$0.1762/hour,,Yes,2.1,2.1,General,,,,,,
,,,,,~46% savings,~65% savings,~62% savings,,Yes,2.1,2.1,General,,,,,,
DS5 v2,16,56 GiB,112 GiB,$0.916/hour,$0.4959/hour,$0.3215/hour,$0.3523/hour,,Yes,2.1,2.1,General,,,,,,
,,,,,~46% savings,~65% savings,~62% savings,,Yes,2.1,2.1,General,,,,,,
DC1s v2,1,4 GiB,50 GiB,$0.125/hour,$0.0997/hour,$0.0748/hour,$0.0179/hour,,No,3.7,5,General,,,,,,
,,,,,~20% savings,~40% savings,~86% savings,,No,3.7,5,General,,,,,,
DC2s v2,2,8 GiB,100 GiB,$0.249/hour,$0.1994/hour,$0.1496/hour,$0.0357/hour,,No,3.7,5,General,,,,,,
,,,,,~20% savings,~40% savings,~86% savings,,No,3.7,5,General,,,,,,
DC4s v2,4,16 GiB,200 GiB,$0.498/hour,$0.3988/hour,$0.2991/hour,$0.0713/hour,,No,3.7,5,General,,,,,,
,,,,,~20% savings,~40% savings,~86% savings,,No,3.7,5,General,,,,,,
DC8 v2,8,32 GiB,400 GiB,$0.997/hour,$0.7975/hour,$0.5981/hour,$0.1427/hour,,No,3.7,5,General,,,,,,
,,,,,~20% savings,~40% savings,~86% savings,,No,3.7,5,General,,,,,,
F2s v2,2,4 GiB,16 GiB,$0.0846/hour,$0.05/hour,$0.0311/hour,$0.0259/hour,,Yes,2.6,2.6,Compute,,,,,,
,,,,,~41% savings,~63% savings,~69% savings,,Yes,2.6,2.6,Compute,,,,,,
F4s v2,4,8 GiB,32 GiB,$0.169/hour,$0.10/hour,$0.0620/hour,$0.0517/hour,,Yes,2.6,2.6,Compute,,,,,,
,,,,,~41% savings,~63% savings,~69% savings,,Yes,2.6,2.6,Compute,,,,,,
F8s v2,8,16 GiB,64 GiB,$0.338/hour,$0.1999/hour,$0.1241/hour,$0.1033/hour,,Yes,2.6,2.6,Compute,,,,,,
,,,,,~41% savings,~63% savings,~69% savings,,Yes,2.6,2.6,Compute,,,,,,
F16s v2,16,32 GiB,128 GiB,$0.677/hour,$0.3999/hour,$0.2481/hour,$0.2068/hour,,Yes,2.6,2.6,Compute,,,,,,
,,,,,~41% savings,~63% savings,~69% savings,,Yes,2.6,2.6,Compute,,,,,,
F32s v2,32,64 GiB,256 GiB,$1.353/hour,$0.7998/hour,$0.4961/hour,$0.4133/hour,,Yes,2.6,2.6,Compute,,,,,,
,,,,,~41% savings,~63% savings,~69% savings,,Yes,2.6,2.6,Compute,,,,,,
F48s v2,48,96 GiB,384 GiB,$2.03/hour,$1.2084/hour,$0.7361/hour,$0.6200/hour,,Yes,2.6,2.6,Compute,,,,,,
,,,,,~40% savings,~64% savings,~69% savings,,Yes,2.6,2.6,Compute,,,,,,
F64s v2,64,128 GiB,512 GiB,$2.706/hour,$1.5996/hour,$0.9921/hour,$0.8265/hour,,Yes,2.6,2.6,Compute,,,,,,
,,,,,~41% savings,~63% savings,~69% savings,,Yes,2.6,2.6,Compute,,,,,,
F72s v2,72,144 GiB,576 GiB,$3.045/hour,$1.7996/hour,$1.1161/hour,$0.9300/hour,,Yes,2.6,2.6,Compute,,,,,,
,,,,,~41% savings,~63% savings,~69% savings,,Yes,2.6,2.6,Compute,,,,,,
F1,1,2 GiB,16 GiB,$0.0497/hour,$0.0310/hour,$0.0195/hour,$0.0215/hour,,No,2.1,2.1,Compute,,,,,,
,,,,,~38% savings,~61% savings,~57% savings,,No,2.1,2.1,Compute,,,,,,
F2,2,4 GiB,32 GiB,$0.099/hour,$0.0619/hour,$0.0389/hour,$0.0427/hour,,No,2.1,2.1,Compute,,,,,,
,,,,,~38% savings,~61% savings,~57% savings,,No,2.1,2.1,Compute,,,,,,
F4,4,8 GiB,64 GiB,$0.199/hour,$0.1248/hour,$0.0787/hour,$0.0859/hour,,No,2.1,2.1,Compute,,,,,,
,,,,,~37% savings,~60% savings,~57% savings,,No,2.1,2.1,Compute,,,,,,
F8,8,16 GiB,128 GiB,$0.398/hour,$0.2478/hour,$0.1573/hour,$0.1717/hour,,No,2.1,2.1,Compute,,,,,,
,,,,,~38% savings,~60% savings,~57% savings,,No,2.1,2.1,Compute,,,,,,
F16,16,32 GiB,256 GiB,$0.796/hour,$0.4966/hour,$0.3145/hour,$0.3433/hour,,No,2.1,2.1,Compute,,,,,,
,,,,,~38% savings,~60% savings,~57% savings,,No,2.1,2.1,Compute,,,,,,
F1s,1,2 GiB,4 GiB,$0.0497/hour,$0.0310/hour,$0.0195/hour,$0.0215/hour,,Yes,2.1,2.1,Compute,,,,,,
,,,,,~38% savings,~61% savings,~57% savings,,Yes,2.1,2.1,Compute,,,,,,
F2s,2,4 GiB,8 GiB,$0.099/hour,$0.0619/hour,$0.0389/hour,$0.0427/hour,,Yes,2.1,2.1,Compute,,,,,,
,,,,,~38% savings,~61% savings,~57% savings,,Yes,2.1,2.1,Compute,,,,,,
F4s,4,8 GiB,16 GiB,$0.199/hour,$0.1248/hour,$0.0787/hour,$0.0859/hour,,Yes,2.1,2.1,Compute,,,,,,
,,,,,~37% savings,~60% savings,~57% savings,,Yes,2.1,2.1,Compute,,,,,,
F8s,8,16 GiB,32 GiB,$0.398/hour,$0.2478/hour,$0.1573/hour,$0.1717/hour,,Yes,2.1,2.1,Compute,,,,,,
,,,,,~38% savings,~60% savings,~57% savings,,Yes,2.1,2.1,Compute,,,,,,
F16s,16,32 GiB,64 GiB,$0.796/hour,$0.4966/hour,$0.3145/hour,$0.3433/hour,,Yes,2.1,2.1,Compute,,,,,,
,,,,,~38% savings,~60% savings,~57% savings,,Yes,2.1,2.1,Compute,,,,,,
FX4mds,4,84 GiB,168 GiB,$0.372/hour,$0.2196/hour,$0.1339/hour,$0.1488/hour,,No,3.4,4,Compute,,,,,,
,,,,,~41% savings,~64% savings,~60% savings,,No,3.4,4,Compute,,,,,,
FX12mds,12,252 GiB,504 GiB,$1.116/hour,$0.6585/hour,$0.4018/hour,$0.4464/hour,,No,3.4,4,Compute,,,,,,
,,,,,~41% savings,~64% savings,~60% savings,,No,3.4,4,Compute,,,,,,
FX24mds,24,504 GiB,"1,008 GiB",$2.232/hour,$1.3169/hour,$0.8036/hour,$0.8928/hour,,No,3.4,4,Compute,,,,,,
,,,,,~41% savings,~64% savings,~60% savings,,No,3.4,4,Compute,,,,,,
FX36mds,36,756 GiB,"1,512 GiB",$3.348/hour,$1.9754/hour,$1.2053/hour,$1.3392/hour,,No,3.4,4,Compute,,,,,,
,,,,,~41% savings,~64% savings,~60% savings,,No,3.4,4,Compute,,,,,,
FX48mds,48,"1,008 GiB","2,016 GiB",$4.464/hour,$2.6338/hour,$1.6071/hour,$1.7856/hour,,No,3.4,4,Compute,,,,,,
,,,,,~41% savings,~64% savings,~60% savings,,No,3.4,4,Compute,,,,,,
E2a v4,2,16 GiB,50 GiB,$0.126/hour,$0.0741/hour,$0.0498/hour,$0.0283/hour,,No,2.35,3.35,Memory,,,,,,
,,,,,~41% savings,~61% savings,~78% savings,,No,2.35,3.35,Memory,,,,,,
E4a v4,4,32 GiB,100 GiB,$0.252/hour,$0.1482/hour,$0.0995/hour,$0.0566/hour,,No,2.35,3.35,Memory,,,,,,
,,,,,~41% savings,~61% savings,~78% savings,,No,2.35,3.35,Memory,,,,,,
E8a v4,8,64 GiB,200 GiB,$0.504/hour,$0.2964/hour,$0.1990/hour,$0.1132/hour,,No,2.35,3.35,Memory,,,,,,
,,,,,~41% savings,~61% savings,~78% savings,,No,2.35,3.35,Memory,,,,,,
E16a v4,16,128 GiB,400 GiB,$1.008/hour,$0.5927/hour,$0.3979/hour,$0.2264/hour,,No,2.35,3.35,Memory,,,,,,
,,,,,~41% savings,~61% savings,~78% savings,,No,2.35,3.35,Memory,,,,,,
E20a v4,20,160 GiB,500 GiB,$1.26/hour,$0.7409/hour,$0.4974/hour,$0.2830/hour,,No,2.35,3.35,Memory,,,,,,
,,,,,~41% savings,~61% savings,~78% savings,,No,2.35,3.35,Memory,,,,,,
E32a v4,32,256 GiB,800 GiB,$2.016/hour,$1.1854/hour,$0.7958/hour,$0.4528/hour,,No,2.35,3.35,Memory,,,,,,
,,,,,~41% savings,~61% savings,~78% savings,,No,2.35,3.35,Memory,,,,,,
E48a v4,48,384 GiB,"1,200 GiB",$3.024/hour,$1.7781/hour,$1.1937/hour,$0.6792/hour,,No,2.35,3.35,Memory,,,,,,
,,,,,~41% savings,~61% savings,~78% savings,,No,2.35,3.35,Memory,,,,,,
E64a v4,64,512 GiB,"1,600 GiB",$4.032/hour,$2.3708/hour,$1.5915/hour,$0.9056/hour,,No,2.35,3.35,Memory,,,,,,
,,,,,~41% savings,~61% savings,~78% savings,,No,2.35,3.35,Memory,,,,,,
E96a v4,96,672 GiB,"2,400 GiB",$6.048/hour,$3.5562/hour,$2.3873/hour,$1.3584/hour,,No,2.35,3.35,Memory,,,,,,
,,,,,~41% savings,~61% savings,~78% savings,,No,2.35,3.35,Memory,,,,,,
E2as v4,2,16 GiB,32 GiB,$0.126/hour,$0.0741/hour,$0.0498/hour,$0.0283/hour,,Yes,2.35,3.35,Memory,,,,,,
,,,,,~41% savings,~61% savings,~78% savings,,Yes,2.35,3.35,Memory,,,,,,
E4as v4,4,32 GiB,64 GiB,$0.252/hour,$0.1482/hour,$0.0995/hour,$0.0566/hour,,Yes,2.35,3.35,Memory,,,,,,
,,,,,~41% savings,~61% savings,~78% savings,,Yes,2.35,3.35,Memory,,,,,,
E8as v4,8,64 GiB,128 GiB,$0.504/hour,$0.2964/hour,$0.1990/hour,$0.1132/hour,,Yes,2.35,3.35,Memory,,,,,,
,,,,,~41% savings,~61% savings,~78% savings,,Yes,2.35,3.35,Memory,,,,,,
E16as v4,16,128 GiB,256 GiB,$1.008/hour,$0.5927/hour,$0.3979/hour,$0.2264/hour,,Yes,2.35,3.35,Memory,,,,,,
,,,,,~41% savings,~61% savings,~78% savings,,Yes,2.35,3.35,Memory,,,,,,
E20as v4,20,160 GiB,320 GiB,$1.26/hour,$0.7409/hour,$0.4974/hour,$0.2830/hour,,Yes,2.35,3.35,Memory,,,,,,
,,,,,~41% savings,~61% savings,~78% savings,,Yes,2.35,3.35,Memory,,,,,,
E32as v4,32,256 GiB,512 GiB,$2.016/hour,$1.1854/hour,$0.7958/hour,$0.4528/hour,,Yes,2.35,3.35,Memory,,,,,,
,,,,,~41% savings,~61% savings,~78% savings,,Yes,2.35,3.35,Memory,,,,,,
E48as v4,48,384 GiB,768 GiB,$3.024/hour,$1.7781/hour,$1.1937/hour,$0.6792/hour,,Yes,2.35,3.35,Memory,,,,,,
,,,,,~41% savings,~61% savings,~78% savings,,Yes,2.35,3.35,Memory,,,,,,
E64as v4,64,512 GiB,"1,024 GiB",$4.032/hour,$2.3708/hour,$1.5915/hour,$0.9056/hour,,Yes,2.35,3.35,Memory,,,,,,
,,,,,~41% savings,~61% savings,~78% savings,,Yes,2.35,3.35,Memory,,,,,,
E96as v4,96,672 GiB,"1,344 GiB",$6.048/hour,$3.5562/hour,$2.3873/hour,$1.3584/hour,,Yes,2.35,3.35,Memory,,,,,,
,,,,,~41% savings,~61% savings,~78% savings,,Yes,2.35,3.35,Memory,,,,,,
E2d v5,2,16 GiB,75 GiB,$0.072/hour,– –Blank,– –Blank,$0.0288/hour,,No,2.35,3.35,Memory,,,,,,
,,,,,,,~60% savings,,No,2.35,3.35,Memory,,,,,,
E4d v5,4,32 GiB,150 GiB,$0.144/hour,– –Blank,– –Blank,$0.0576/hour,,No,2.35,3.35,Memory,,,,,,
,,,,,,,~60% savings,,No,2.35,3.35,Memory,,,,,,
E8d v5,8,64 GiB,300 GiB,$0.288/hour,– –Blank,– –Blank,$0.1152/hour,,No,2.35,3.35,Memory,,,,,,
,,,,,,,~60% savings,,No,2.35,3.35,Memory,,,,,,
E16d v5,16,128 GiB,600 GiB,$0.576/hour,– –Blank,– –Blank,$0.2304/hour,,No,2.35,3.35,Memory,,,,,,
,,,,,,,~60% savings,,No,2.35,3.35,Memory,,,,,,
E20d v5,20,160 GiB,750 GiB,$0.72/hour,– –Blank,– –Blank,$0.288/hour,,No,2.35,3.35,Memory,,,,,,
,,,,,,,~60% savings,,No,2.35,3.35,Memory,,,,,,
E32d v5,32,256 GiB,"1,200 GiB",$1.152/hour,– –Blank,– –Blank,$0.4608/hour,,No,2.35,3.35,Memory,,,,,,
,,,,,,,~60% savings,,No,2.35,3.35,Memory,,,,,,
E48d v5,48,384 GiB,"1,800 GiB",$1.728/hour,– –Blank,– –Blank,$0.6912/hour,,No,2.35,3.35,Memory,,,,,,
,,,,,,,~60% savings,,No,2.35,3.35,Memory,,,,,,
E64d v5,64,512 GiB,"2,400 GiB",$2.304/hour,– –Blank,– –Blank,$0.9216/hour,,No,2.35,3.35,Memory,,,,,,
,,,,,,,~60% savings,,No,2.35,3.35,Memory,,,,,,
E96d v5,96,672 GiB,"2,400 GiB",$3.456/hour,– –Blank,– –Blank,$1.3824/hour,,No,2.35,3.35,Memory,,,,,,
,,,,,,,~60% savings,,No,2.35,3.35,Memory,,,,,,
E2ds v5,2,16 GiB,75 GiB,$0.072/hour,– –Blank,– –Blank,– –Blank,,Yes,2.35,3.35,Memory,,,,,,
E4ds v5,4,32 GiB,150 GiB,$0.144/hour,– –Blank,– –Blank,– –Blank,,Yes,2.35,3.35,Memory,,,,,,
E8ds v5,8,64 GiB,300 GiB,$0.288/hour,– –Blank,– –Blank,– –Blank,,Yes,2.35,3.35,Memory,,,,,,
E16ds v5,16,128 GiB,600 GiB,$0.576/hour,– –Blank,– –Blank,– –Blank,,Yes,2.35,3.35,Memory,,,,,,
E20ds v5,20,160 GiB,750 GiB,$0.72/hour,– –Blank,– –Blank,– –Blank,,Yes,2.35,3.35,Memory,,,,,,
E32ds v5,32,256 GiB,"1,200 GiB",$1.152/hour,– –Blank,– –Blank,– –Blank,,Yes,2.35,3.35,Memory,,,,,,
E48ds v5,48,384 GiB,"1,800 GiB",$1.728/hour,– –Blank,– –Blank,– –Blank,,Yes,2.35,3.35,Memory,,,,,,
E64ds v5,64,512 GiB,"2,400 GiB",$2.304/hour,– –Blank,– –Blank,– –Blank,,Yes,2.35,3.35,Memory,,,,,,
E96ds v5,96,672 GiB,"2,400 GiB",$3.456/hour,– –Blank,– –Blank,– –,,Yes,2.35,3.35,Memory,,,,,,
E2 v5,2,16 GiB,N/A,$0.063/hour,– –Blank,– –Blank,$0.0252/hour,,No,2.35,3.35,Memory,,,,,,
,,,,,,,~60% savings,,No,2.35,3.35,Memory,,,,,,
E4 v5,4,32 GiB,N/A,$0.126/hour,– –Blank,– –Blank,$0.0504/hour,,No,2.35,3.35,Memory,,,,,,
,,,,,,,~60% savings,,No,2.35,3.35,Memory,,,,,,
E8 v5,8,64 GiB,N/A,$0.252/hour,– –Blank,– –Blank,$0.1008/hour,,No,2.35,3.35,Memory,,,,,,
,,,,,,,~60% savings,,No,2.35,3.35,Memory,,,,,,
E16 v5,16,128 GiB,N/A,$0.504/hour,– –Blank,– –Blank,$0.2016/hour,,No,2.35,3.35,Memory,,,,,,
,,,,,,,~60% savings,,No,2.35,3.35,Memory,,,,,,
E20 v5,20,160 GiB,N/A,$0.63/hour,– –Blank,– –Blank,$0.252/hour,,No,2.35,3.35,Memory,,,,,,
,,,,,,,~60% savings,,No,2.35,3.35,Memory,,,,,,
E32 v5,32,256 GiB,N/A,$1.008/hour,– –Blank,– –Blank,$0.4032/hour,,No,2.35,3.35,Memory,,,,,,
,,,,,,,~60% savings,,No,2.35,3.35,Memory,,,,,,
E48 v5,48,384 GiB,N/A,$1.512/hour,– –Blank,– –Blank,$0.6048/hour,,No,2.35,3.35,Memory,,,,,,
,,,,,,,~60% savings,,No,2.35,3.35,Memory,,,,,,
E64 v5,64,512 GiB,N/A,$2.016/hour,– –Blank,– –Blank,$0.8064/hour,,No,2.35,3.35,Memory,,,,,,
,,,,,,,~60% savings,,No,2.35,3.35,Memory,,,,,,
E96 v5,96,672 GiB,N/A,$3.024/hour,– –Blank,– –Blank,$1.2096/hour,,No,2.35,3.35,Memory,,,,,,
,,,,,,,~60% savings,,No,2.35,3.35,Memory,,,,,,
E2s v5,2,16 GiB,N/A,$0.063/hour,– –Blank,– –Blank,– –Blank,,Yes,2.35,3.35,Memory,,,,,,
E4s v5,4,32 GiB,N/A,$0.126/hour,– –Blank,– –Blank,– –Blank,,Yes,2.35,3.35,Memory,,,,,,
E8s v5,8,64 GiB,N/A,$0.252/hour,– –Blank,– –Blank,– –Blank,,Yes,2.35,3.35,Memory,,,,,,
E16s v5,16,128 GiB,N/A,$0.504/hour,– –Blank,– –Blank,– –Blank,,Yes,2.35,3.35,Memory,,,,,,
E20s v5,20,160 GiB,N/A,$0.63/hour,– –Blank,– –Blank,– –Blank,,Yes,2.35,3.35,Memory,,,,,,
E32s v5,32,256 GiB,N/A,$1.008/hour,– –Blank,– –Blank,– –Blank,,Yes,2.35,3.35,Memory,,,,,,
E48s v5,48,384 GiB,N/A,$1.512/hour,– –Blank,– –Blank,– –Blank,,Yes,2.35,3.35,Memory,,,,,,
E64s v5,64,512 GiB,N/A,$2.016/hour,– –Blank,– –Blank,– –Blank,,Yes,2.35,3.35,Memory,,,,,,
E96s v5,96,672 GiB,N/A,$3.024/hour,– –Blank,– –Blank,– –,,Yes,2.35,3.35,Memory,,,,,,
E2d v4,2,16 GiB,75 GiB,$0.144/hour,$0.0850/hour,$0.0548/hour,$0.0215/hour,,No,2.5,3.4,Memory,,,,,,
,,,,,~41% savings,~62% savings,~85% savings,,No,2.5,3.4,Memory,,,,,,
E4d v4,4,32 GiB,150 GiB,$0.288/hour,$0.1699/hour,$0.1095/hour,$0.0429/hour,,No,2.5,3.4,Memory,,,,,,
,,,,,~41% savings,~62% savings,~85% savings,,No,2.5,3.4,Memory,,,,,,
E8d v4,8,64 GiB,300 GiB,$0.576/hour,$0.3399/hour,$0.2189/hour,$0.0858/hour,,No,2.5,3.4,Memory,,,,,,
,,,,,~41% savings,~62% savings,~85% savings,,No,2.5,3.4,Memory,,,,,,
E16d v4,16,128 GiB,600 GiB,$1.152/hour,$0.6797/hour,$0.4378/hour,$0.1716/hour,,No,2.5,3.4,Memory,,,,,,
,,,,,~41% savings,~62% savings,~85% savings,,No,2.5,3.4,Memory,,,,,,
E20d v4,20,160 GiB,750 GiB,$1.44/hour,$0.8496/hour,$0.5472/hour,$0.2145/hour,,No,2.5,3.4,Memory,,,,,,
,,,,,~41% savings,~62% savings,~85% savings,,No,2.5,3.4,Memory,,,,,,
E32d v4,32,256 GiB,"1,200 GiB",$2.304/hour,$1.3594/hour,$0.8756/hour,$0.3431/hour,,No,2.5,3.4,Memory,,,,,,
,,,,,~41% savings,~62% savings,~85% savings,,No,2.5,3.4,Memory,,,,,,
E48d v4,48,384 GiB,"1,800 GiB",$3.456/hour,$2.0391/hour,$1.3133/hour,$0.5146/hour,,No,2.5,3.4,Memory,,,,,,
,,,,,~41% savings,~62% savings,~85% savings,,No,2.5,3.4,Memory,,,,,,
E64d v4,64,504 GiB,"2,400 GiB",$4.608/hour,$2.7188/hour,$1.7511/hour,$0.6862/hour,,No,2.5,3.4,Memory,,,,,,
,,,,,~41% savings,~62% savings,~85% savings,,No,2.5,3.4,Memory,,,,,,
E2ds v4,2,16 GiB,75 GiB,$0.144/hour,$0.0850/hour,$0.0548/hour,$0.0215/hour,,Yes,2.5,3.4,Memory,,,,,,
,,,,,~41% savings,~62% savings,~85% savings,,Yes,2.5,3.4,Memory,,,,,,
E4ds v4,4,32 GiB,150 GiB,$0.288/hour,$0.1699/hour,$0.1095/hour,$0.0429/hour,,Yes,2.5,3.4,Memory,,,,,,
,,,,,~41% savings,~62% savings,~85% savings,,Yes,2.5,3.4,Memory,,,,,,
E8ds v4,8,64 GiB,300 GiB,$0.576/hour,$0.3399/hour,$0.2189/hour,$0.0858/hour,,Yes,2.5,3.4,Memory,,,,,,
,,,,,~41% savings,~62% savings,~85% savings,,Yes,2.5,3.4,Memory,,,,,,
E16ds v4,16,128 GiB,600 GiB,$1.152/hour,$0.6797/hour,$0.4378/hour,$0.1716/hour,,Yes,2.5,3.4,Memory,,,,,,
,,,,,~41% savings,~62% savings,~85% savings,,Yes,2.5,3.4,Memory,,,,,,
E20ds v4,20,160 GiB,750 GiB,$1.44/hour,$0.8496/hour,$0.5472/hour,$0.2145/hour,,Yes,2.5,3.4,Memory,,,,,,
,,,,,~41% savings,~62% savings,~85% savings,,Yes,2.5,3.4,Memory,,,,,,
E32ds v4,32,256 GiB,"1,200 GiB",$2.304/hour,$1.3594/hour,$0.8756/hour,$0.3431/hour,,Yes,2.5,3.4,Memory,,,,,,
,,,,,~41% savings,~62% savings,~85% savings,,Yes,2.5,3.4,Memory,,,,,,
E48ds v4,48,384 GiB,"1,800 GiB",$3.456/hour,$2.0391/hour,$1.3133/hour,$0.5146/hour,,Yes,2.5,3.4,Memory,,,,,,
,,,,,~41% savings,~62% savings,~85% savings,,Yes,2.5,3.4,Memory,,,,,,
E64ds v4,64,504 GiB,"2,400 GiB",$4.608/hour,$2.7188/hour,$1.7511/hour,$0.6862/hour,,Yes,2.5,3.4,Memory,,,,,,
,,,,,~41% savings,~62% savings,~85% savings,,Yes,2.5,3.4,Memory,,,,,,
E80ids v4,80,504 GiB,"2,400 GiB",$5.76/hour,$3.3984/hour,$2.1889/hour,$0.8577/hour,,Yes,2.5,3.4,Memory,,,,,,
,,,,,~41% savings,~62% savings,~85% savings,,Yes,2.5,3.4,Memory,,,,,,
E2 v4,2,16 GiB,N/A,$0.126/hour,$0.0744/hour,$0.0479/hour,$0.0234/hour,,No,2.5,3.4,Memory,,,,,,
,,,,,~41% savings,~62% savings,~81% savings,,No,2.5,3.4,Memory,,,,,,
E4 v4,4,32 GiB,N/A,$0.252/hour,$0.1487/hour,$0.0958/hour,$0.0468/hour,,No,2.5,3.4,Memory,,,,,,
,,,,,~41% savings,~62% savings,~81% savings,,No,2.5,3.4,Memory,,,,,,
E8 v4,8,64 GiB,N/A,$0.504/hour,$0.2974/hour,$0.1916/hour,$0.0935/hour,,No,2.5,3.4,Memory,,,,,,
,,,,,~41% savings,~62% savings,~81% savings,,No,2.5,3.4,Memory,,,,,,
E16 v4,16,128 GiB,N/A,$1.008/hour,$0.5948/hour,$0.3831/hour,$0.1870/hour,,No,2.5,3.4,Memory,,,,,,
,,,,,~41% savings,~62% savings,~81% savings,,No,2.5,3.4,Memory,,,,,,
E32 v4,32,256 GiB,N/A,$2.016/hour,$1.1894/hour,$0.7661/hour,$0.3740/hour,,No,2.5,3.4,Memory,,,,,,
,,,,,~41% savings,~62% savings,~81% savings,,No,2.5,3.4,Memory,,,,,,
E48 v4,48,384 GiB,N/A,$3.024/hour,$1.7842/hour,$1.1492/hour,$0.5610/hour,,No,2.5,3.4,Memory,,,,,,
,,,,,~41% savings,~62% savings,~81% savings,,No,2.5,3.4,Memory,,,,,,
E64 v4,64,504 GiB,N/A,$4.032/hour,$2.3789/hour,$1.5322/hour,$0.7480/hour,,No,2.5,3.4,Memory,,,,,,
,,,,,~41% savings,~62% savings,~81% savings,,No,2.5,3.4,Memory,,,,,,
E2s v4,2,16 GiB,N/A,$0.126/hour,$0.0744/hour,$0.0479/hour,$0.0234/hour,,Yes,2.5,3.4,Memory,,,,,,
,,,,,~41% savings,~62% savings,~81% savings,,Yes,2.5,3.4,Memory,,,,,,
E4s v4,4,32 GiB,N/A,$0.252/hour,$0.1487/hour,$0.0958/hour,$0.0468/hour,,Yes,2.5,3.4,Memory,,,,,,
,,,,,~41% savings,~62% savings,~81% savings,,Yes,2.5,3.4,Memory,,,,,,
E8s v4,8,64 GiB,N/A,$0.504/hour,$0.2974/hour,$0.1916/hour,$0.0935/hour,,Yes,2.5,3.4,Memory,,,,,,
,,,,,~41% savings,~62% savings,~81% savings,,Yes,2.5,3.4,Memory,,,,,,
E16s v4,16,128 GiB,N/A,$1.008/hour,$0.5948/hour,$0.3831/hour,$0.1870/hour,,Yes,2.5,3.4,Memory,,,,,,
,,,,,~41% savings,~62% savings,~81% savings,,Yes,2.5,3.4,Memory,,,,,,
E20s v4,20,160 GiB,N/A,$1.26/hour,$0.7434/hour,$0.4789/hour,$0.2338/hour,,Yes,2.5,3.4,Memory,,,,,,
,,,,,~41% savings,~62% savings,~81% savings,,Yes,2.5,3.4,Memory,,,,,,
E32s v4,32,256 GiB,N/A,$2.016/hour,$1.1894/hour,$0.7661/hour,$0.3740/hour,,Yes,2.5,3.4,Memory,,,,,,
,,,,,~41% savings,~62% savings,~81% savings,,Yes,2.5,3.4,Memory,,,,,,
E48s v4,48,384 GiB,N/A,$3.024/hour,$1.7842/hour,$1.1492/hour,$0.5610/hour,,Yes,2.5,3.4,Memory,,,,,,
,,,,,~41% savings,~62% savings,~81% savings,,Yes,2.5,3.4,Memory,,,,,,
E64s v4,64,504 GiB,N/A,$4.032/hour,$2.3789/hour,$1.5322/hour,$0.7480/hour,,Yes,2.5,3.4,Memory,,,,,,
,,,,,~41% savings,~62% savings,~81% savings,,Yes,2.5,3.4,Memory,,,,,,
E80is v4,80,504 GiB,"2,400 GiB",$5.04/hour,$2.9737/hour,$1.9152/hour,$0.9350/hour,,Yes,2.5,3.4,Memory,,,,,,
,,,,,~41% savings,~62% savings,~81% savings,,Yes,2.5,3.4,Memory,,,,,,
E2 v3,2,16 GiB,50 GiB,$0.126/hour,$0.0782/hour,$0.05/hour,$0.0391/hour,,No,2.1,2.1,Memory,,,,,,
,,,,,~38% savings,~60% savings,~69% savings,,No,2.1,2.1,Memory,,,,,,
E4 v3,4,32 GiB,100 GiB,$0.252/hour,$0.1564/hour,$0.10/hour,$0.0782/hour,,No,2.1,2.1,Memory,,,,,,
,,,,,~38% savings,~60% savings,~69% savings,,No,2.1,2.1,Memory,,,,,,
E8 v3,8,64 GiB,200 GiB,$0.504/hour,$0.3128/hour,$0.2001/hour,$0.1564/hour,,No,2.1,2.1,Memory,,,,,,
,,,,,~38% savings,~60% savings,~69% savings,,No,2.1,2.1,Memory,,,,,,
E16 v3,16,128 GiB,400 GiB,$1.008/hour,$0.6257/hour,$0.4001/hour,$0.3127/hour,,No,2.1,2.1,Memory,,,,,,
,,,,,~38% savings,~60% savings,~69% savings,,No,2.1,2.1,Memory,,,,,,
E20 v3,20,160 GiB,600 GiB,$1.26/hour,$0.7409/hour,$0.4975/hour,$0.3909/hour,,No,2.1,2.1,Memory,,,,,,
,,,,,~41% savings,~61% savings,~69% savings,,No,2.1,2.1,Memory,,,,,,
E32 v3,32,256 GiB,800 GiB,$2.016/hour,$1.2513/hour,$0.8002/hour,$0.6254/hour,,No,2.1,2.1,Memory,,,,,,
,,,,,~38% savings,~60% savings,~69% savings,,No,2.1,2.1,Memory,,,,,,
E48 v3,48,384 GiB,"1,200 GiB",$3.024/hour,$1.7781/hour,$1.1939/hour,$0.9381/hour,,No,2.1,2.1,Memory,,,,,,
,,,,,~41% savings,~61% savings,~69% savings,,No,2.1,2.1,Memory,,,,,,
E64i v3,64,432 GiB,"1,600 GiB",$3.629/hour,$2.5722/hour,$1.4327/hour,$1.1258/hour,,No,2.1,2.1,Memory,,,,,,
,,,,,~29% savings,~61% savings,~69% savings,,No,2.1,2.1,Memory,Yes,,,,,
E64 v3,64,432 GiB,"1,600 GiB",$3.629/hour,$2.3586/hour,$1.5083/hour,$1.1258/hour,,No,2.1,2.1,Memory,,,,,,
,,,,,~35% savings,~58% savings,~69% savings,,No,2.1,2.1,Memory,,,,,,
E2s v3,2,16 GiB,32 GiB,$0.126/hour,$0.0782/hour,$0.05/hour,$0.0391/hour,,Yes,2.1,2.1,Memory,,,,,,
,,,,,~38% savings,~60% savings,~69% savings,,Yes,2.1,2.1,Memory,,,,,,
E4s v3,4,32 GiB,64 GiB,$0.252/hour,$0.1564/hour,$0.10/hour,$0.0782/hour,,Yes,2.1,2.1,Memory,,,,,,
,,,,,~38% savings,~60% savings,~69% savings,,Yes,2.1,2.1,Memory,,,,,,
E8s v3,8,64 GiB,128 GiB,$0.504/hour,$0.3128/hour,$0.2001/hour,$0.1564/hour,,Yes,2.1,2.1,Memory,,,,,,
,,,,,~38% savings,~60% savings,~69% savings,,Yes,2.1,2.1,Memory,,,,,,
E16s v3,16,128 GiB,256 GiB,$1.008/hour,$0.6257/hour,$0.4001/hour,$0.3127/hour,,Yes,2.1,2.1,Memory,,,,,,
,,,,,~38% savings,~60% savings,~69% savings,,Yes,2.1,2.1,Memory,,,,,,
E20s v3,20,160 GiB,320 GiB,$1.26/hour,$0.7409/hour,$0.4975/hour,$0.3909/hour,,Yes,2.1,2.1,Memory,,,,,,
,,,,,~41% savings,~61% savings,~69% savings,,Yes,2.1,2.1,Memory,,,,,,
E32s v3,32,256 GiB,512 GiB,$2.016/hour,$1.2513/hour,$0.8002/hour,$0.6254/hour,,Yes,2.1,2.1,Memory,,,,,,
,,,,,~38% savings,~60% savings,~69% savings,,Yes,2.1,2.1,Memory,,,,,,
E48s v3,48,384 GiB,768 GiB,$3.024/hour,$1.7781/hour,$1.1939/hour,$0.9381/hour,,Yes,2.1,2.1,Memory,,,,,,
,,,,,~41% savings,~61% savings,~69% savings,,Yes,2.1,2.1,Memory,,,,,,
E64is v3,64,432 GiB,864 GiB,$3.629/hour,$2.5722/hour,$1.4327/hour,$1.1258/hour,,Yes,2.1,2.1,Memory,,,,,,
,,,,,~29% savings,~61% savings,~69% savings,,Yes,2.1,2.1,Memory,TRUE,,,,,
E64s v3,64,432 GiB,864 GiB,$3.629/hour,$2.3586/hour,$1.5083/hour,$1.1258/hour,,Yes,2.1,2.1,Memory,,,,,,
,,,,,~35% savings,~58% savings,~69% savings,,Yes,2.1,2.1,Memory,,,,,,
D11 v2,2,14 GiB,100 GiB,$0.149/hour,$0.0882/hour,$0.0583/hour,$0.0522/hour,,No,2.1,2.1,Memory,,,,,,
,,,,,~41% savings,~61% savings,~65% savings,,No,2.1,2.1,Memory,,,,,,
D12 v2,4,28 GiB,200 GiB,$0.299/hour,$0.1764/hour,$0.1167/hour,$0.1048/hour,,No,2.1,2.1,Memory,,,,,,
,,,,,~41% savings,~61% savings,~65% savings,,No,2.1,2.1,Memory,,,,,,
D13 v2,8,56 GiB,400 GiB,$0.598/hour,$0.3528/hour,$0.2333/hour,$0.2095/hour,,No,2.1,2.1,Memory,,,,,,
,,,,,~41% savings,~61% savings,~65% savings,,No,2.1,2.1,Memory,,,,,,
D14 v2,16,112 GiB,800 GiB,$1.196/hour,$0.7058/hour,$0.4666/hour,$0.4190/hour,,No,2.1,2.1,Memory,,,,,,
,,,,,~41% savings,~61% savings,~65% savings,,No,2.1,2.1,Memory,,,,,,
D15i v2,20,140 GiB,"1,000 GiB",$1.495/hour,N/A,N/A,$0.5237/hour,,No,2.1,2.1,Memory,,,,,,
,,,,,,,~65% savings,,No,2.1,2.1,Memory,TRUE,,,,,
D15 v2,20,140 GiB,"1,000 GiB",$1.495/hour,$0.8821/hour,$0.5832/hour,$0.5237/hour,,No,2.1,2.1,Memory,,,,,,
,,,,,~41% savings,~61% savings,~65% savings,,No,2.1,2.1,Memory,,,,,,
DS11 v2,2,14 GiB,28 GiB,$0.149/hour,$0.0882/hour,$0.0583/hour,$0.0522/hour,,Yes,2.1,2.1,Memory,,,,,,
,,,,,~41% savings,~61% savings,~65% savings,,Yes,2.1,2.1,Memory,,,,,,
DS12 v2,4,28 GiB,56 GiB,$0.299/hour,$0.1764/hour,$0.1167/hour,$0.1048/hour,,Yes,2.1,2.1,Memory,,,,,,
,,,,,~41% savings,~61% savings,~65% savings,,Yes,2.1,2.1,Memory,,,,,,
DS13 v2,8,56 GiB,112 GiB,$0.598/hour,$0.3528/hour,$0.2333/hour,$0.2095/hour,,Yes,2.1,2.1,Memory,,,,,,
,,,,,~41% savings,~61% savings,~65% savings,,Yes,2.1,2.1,Memory,,,,,,
DS14 v2,16,112 GiB,224 GiB,$1.196/hour,$0.7058/hour,$0.4666/hour,$0.4190/hour,,Yes,2.1,2.1,Memory,,,,,,
,,,,,~41% savings,~61% savings,~65% savings,,Yes,2.1,2.1,Memory,,,,,,
DS15i v2,20,140 GiB,280 GiB,$1.495/hour,N/A,N/A,$0.5237/hour,,Yes,2.1,2.1,Memory,,,,,,
,,,,,,,~65% savings,,Yes,2.1,2.1,Memory,,,,,,
DS15 v2,20,140 GiB,280 GiB,$1.495/hour,$0.8821/hour,$0.5832/hour,$0.5237/hour,,Yes,2.1,2.1,Memory,,,,,,
,,,,,~41% savings,~61% savings,~65% savings,,Yes,2.1,2.1,Memory,,,,,,
,,,,,,,,,Yes,2.1,2.1,Memory,,,,,,
G1,2,28 GiB,384 GiB,$0.49/hour,– –Blank,– –Blank,$0.049/hour,,No,2,2,Memory,TRUE,,,,,
,,,,,,,~90% savings,,No,2,2,Memory,TRUE,,,,,
G2,4,56 GiB,768 GiB,$0.981/hour,– –Blank,– –Blank,$0.0981/hour,,No,2,2,Memory,TRUE,,,,,
,,,,,,,~90% savings,,No,2,2,Memory,TRUE,,,,,
G3,8,112 GiB,"1,536 GiB",$1.961/hour,– –Blank,– –Blank,$0.1961/hour,,No,2,2,Memory,TRUE,,,,,
,,,,,,,~90% savings,,No,2,2,Memory,TRUE,,,,,
G4,16,224 GiB,"3,072 GiB",$3.922/hour,– –Blank,– –Blank,$0.3922/hour,,No,2,2,Memory,TRUE,,,,,
,,,,,,,~90% savings,,No,2,2,Memory,TRUE,,,,,
G5,32,448 GiB,"6,144 GiB",$7.82/hour,– –Blank,– –Blank,$0.782/hour,,No,2,2,Memory,TRUE,,,,,
,,,,,,,~90% savings,,No,2,2,Memory,TRUE,,,,,
Gs1,2,28 GiB,56 GiB,$0.49/hour,– –Blank,– –Blank,$0.049/hour,,Yes,2,2,Memory,TRUE,,,,,
,,,,,,,~90% savings,,Yes,2,2,Memory,TRUE,,,,,
Gs2,4,56 GiB,112 GiB,$0.981/hour,– –Blank,– –Blank,$0.0981/hour,,Yes,2,2,Memory,TRUE,,,,,
,,,,,,,~90% savings,,Yes,2,2,Memory,TRUE,,,,,
Gs3,8,112 GiB,224 GiB,$1.961/hour,– –Blank,– –Blank,$0.1961/hour,,Yes,2,2,Memory,TRUE,,,,,
,,,,,,,~90% savings,,Yes,2,2,Memory,TRUE,,,,,
Gs4,16,224 GiB,448 GiB,$3.922/hour,– –Blank,– –Blank,$0.3922/hour,,Yes,2,2,Memory,TRUE,,,,,
,,,,,,,~90% savings,,Yes,2,2,Memory,TRUE,,,,,
Gs5,32,448 GiB,896 GiB,$7.82/hour,– –Blank,– –Blank,$0.782/hour,,Yes,2,2,Memory,TRUE,,,,,
,,,,,,,~90% savings,,Yes,2,2,Memory,TRUE,,,,,
M8ms,8,218.75 GiB,256 GiB,$1.5365/hour,$0.8836/hour,$0.4299/hour,$0.3227/hour,,Yes,2.5,2.5,Memory,,,,,,
,,,,,~42% savings,~72% savings,~79% savings,,Yes,2.5,2.5,Memory,,,,,,
M16ms,16,437.5 GiB,512 GiB,$3.073/hour,$1.7673/hour,$0.8597/hour,$0.6454/hour,,Yes,2.5,2.5,Memory,,,,,,
,,,,,~42% savings,~72% savings,~79% savings,,Yes,2.5,2.5,Memory,,,,,,
M32ts,32,192 GiB,"1,024 GiB",$2.707/hour,$1.5568/hour,$0.7574/hour,$0.5685/hour,,Yes,2.5,2.5,Memory,,,,,,
,,,,,~42% savings,~72% savings,~79% savings,,Yes,2.5,2.5,Memory,,,,,,
M32ls,32,256 GiB,"1,024 GiB",$2.873/hour,$1.6523/hour,$0.8038/hour,$0.6034/hour,,Yes,2.5,2.5,Memory,,,,,,
,,,,,~42% savings,~72% savings,~79% savings,,Yes,2.5,2.5,Memory,,,,,,
M32ms,32,875 GiB,"1,024 GiB",$6.146/hour,$3.5344/hour,$1.7195/hour,$1.2907/hour,,Yes,2.5,2.5,Memory,,,,,,
,,,,,~42% savings,~72% savings,~79% savings,,Yes,2.5,2.5,Memory,,,,,,
M64ls,64,512 GiB,"2,048 GiB",$5.415/hour,$3.1141/hour,$1.5150/hour,$1.1372/hour,,Yes,2.5,2.5,Memory,,,,,,
,,,,,~42% savings,~72% savings,~79% savings,,Yes,2.5,2.5,Memory,,,,,,
M64s,64,"1,000 GiB","2,048 GiB",$6.669/hour,$3.8248/hour,$1.8607/hour,$1.4005/hour,,Yes,2.5,2.5,Memory,,,,,,
,,,,,~43% savings,~72% savings,~79% savings,,Yes,2.5,2.5,Memory,,,,,,
M64 1,64,"1,000 GiB","7,168 GiB",$6.669/hour,$3.8248/hour,$1.8607/hour,$1.4005/hour,,Yes,2.5,2.5,Memory,,,,,,
,,,,,~43% savings,~72% savings,~79% savings,,Yes,2.5,2.5,Memory,,,,,,
M64ms,64,"1,750 GiB","2,048 GiB",$10.337/hour,$5.9285/hour,$2.8841/hour,$2.1708/hour,,Yes,2.5,2.5,Memory,,,,,,
,,,,,~43% savings,~72% savings,~79% savings,,Yes,2.5,2.5,Memory,,,,,,
M64m 1,64,"1,750 GiB","7,168 GiB",$10.337/hour,$5.9285/hour,$2.8841/hour,$2.1708/hour,,Yes,2.5,2.5,Memory,,,,,,
,,,,,~43% savings,~72% savings,~79% savings,,Yes,2.5,2.5,Memory,,,,,,
M128s,128,"2,000 GiB","4,096 GiB",$13.338/hour,$7.6496/hour,$3.7214/hour,$2.8010/hour,,Yes,2.5,2.5,Memory,,,,,,
,,,,,~43% savings,~72% savings,~79% savings,,Yes,2.5,2.5,Memory,,,,,,
M128 1,128,"2,000 GiB","14,336 GiB",$13.338/hour,$7.6496/hour,$3.7214/hour,$2.8010/hour,,Yes,2.5,2.5,Memory,,,,,,
,,,,,~43% savings,~72% savings,~79% savings,,Yes,2.5,2.5,Memory,,,,,,
M128ms,128,"3,800 GiB","4,096 GiB",$26.688/hour,$15.3061/hour,$7.4461/hour,$5.6045/hour,,Yes,2.5,2.5,Memory,,,,,,
,,,,,~43% savings,~72% savings,~79% savings,,Yes,2.5,2.5,Memory,,,,,,
M128m 1,128,"3,800 GiB","14,336 GiB",$26.688/hour,$15.3061/hour,$7.4461/hour,$5.6045/hour,,Yes,2.5,2.5,Memory,,,,,,
,,,,,~43% savings,~72% savings,~79% savings,,Yes,2.5,2.5,Memory,,,,,,
M32dms v2,32,875 GiB,"1,024 GiB",$6.146/hour,$3.5746/hour,$1.7258/hour,$2.4584/hour,,Yes,2.5,2.5,Memory,,,,,,
,,,,,~42% savings,~72% savings,~60% savings,,Yes,2.5,2.5,Memory,,,,,,
M64ds v2,64,"1,024 GiB","2,048 GiB",$6.669/hour,$3.8787/hour,$1.8727/hour,$2.6676/hour,,Yes,2.5,2.5,Memory,,,,,,
,,,,,~42% savings,~72% savings,~60% savings,,Yes,2.5,2.5,Memory,,,,,,
M64dms v2,64,"1,792 GiB","2,048 GiB",$10.34/hour,$6.0139/hour,$2.9035/hour,$4.136/hour,,Yes,2.5,2.5,Memory,,,,,,
,,,,,~42% savings,~72% savings,~60% savings,,Yes,2.5,2.5,Memory,,,,,,
M128ds v2,128,"2,048 GiB","4,096 GiB",$13.34/hour,$7.7586/hour,$3.7459/hour,$5.336/hour,,Yes,2.5,2.5,Memory,,,,,,
,,,,,~42% savings,~72% savings,~60% savings,,Yes,2.5,2.5,Memory,,,,,,
M128dms v2,128,"3,892 GiB","4,096 GiB",$26.69/hour,$15.5230/hour,$7.4946/hour,$10.676/hour,,Yes,2.5,2.5,Memory,,,,,,
,,,,,~42% savings,~72% savings,~60% savings,,Yes,2.5,2.5,Memory,,,,,,
M192ids v2,192,"2,048 GiB","4,096 GiB",$16.032/hour,$9.3241/hour,$4.5018/hour,$6.4128/hour,,Yes,2.5,2.5,Memory,,,,,,
,,,,,~42% savings,~72% savings,~60% savings,,Yes,2.5,2.5,Memory,,,,,,
M192idms v2,192,"4,096 GiB","4,096 GiB",$32.064/hour,$18.6483/hour,$9.0035/hour,$12.8256/hour,,Yes,2.5,2.5,Memory,,,,,,
,,,,,~42% savings,~72% savings,~60% savings,,Yes,2.5,2.5,Memory,,,,,,
M32ms v2,32,875 GiB,N/A,$6.041/hour,$3.5134/hour,$1.6963/hour,$0.6344/hour,,Yes,2.5,2.5,Memory,,,,,,
,,,,,~42% savings,~72% savings,~90% savings,,Yes,2.5,2.5,Memory,,,,,,
M64s v2,64,"1,024 GiB",N/A,$6.459/hour,$3.7563/hour,$1.8136/hour,$0.6782/hour,,Yes,2.5,2.5,Memory,,,,,,
,,,,,~42% savings,~72% savings,~90% savings,,Yes,2.5,2.5,Memory,,,,,,
M64ms v2,64,"1,792 GiB",N/A,$10.13/hour,$5.8914/hour,$2.8445/hour,$1.0637/hour,,Yes,2.5,2.5,Memory,,,,,,
,,,,,~42% savings,~72% savings,~90% savings,,Yes,2.5,2.5,Memory,,,,,,
M128s v2,128,"2,048 GiB",N/A,$12.919/hour,$7.5139/hour,$3.6277/hour,$1.3565/hour,,Yes,2.5,2.5,Memory,,,,,,
,,,,,~42% savings,~72% savings,~90% savings,,Yes,2.5,2.5,Memory,,,,,,
M128ms v2,128,"3,892 GiB",N/A,$26.269/hour,$15.2782/hour,$7.3764/hour,$2.7583/hour,,Yes,2.5,2.5,Memory,,,,,,
,,,,,~42% savings,~72% savings,~90% savings,,Yes,2.5,2.5,Memory,,,,,,
M192is v2,192,"2,048 GiB",N/A,$15.611/hour,$9.0795/hour,$4.3836/hour,$1.6392/hour,,Yes,2.5,2.5,Memory,,,,,,
,,,,,~42% savings,~72% savings,~90% savings,,Yes,2.5,2.5,Memory,,,,,,
M192ims v2,192,"4,096 GiB",N/A,$31.643/hour,$18.4036/hour,$8.8854/hour,$3.3226/hour,,Yes,2.5,2.5,Memory,,,,,,
,,,,,~42% savings,~72% savings,~90% savings,,Yes,2.5,2.5,Memory,,,,,,
M208s v2,208,"2,850 GiB","4,096 GiB",$22.31/hour,$12.9753/hour,$6.2640/hour,$2.3426/hour,,Yes,2.5,2.5,Memory,,,,,,
,,,,,~42% savings,~72% savings,~90% savings,,Yes,2.5,2.5,Memory,,,,,,
M208ms v2,208,"5,700 GiB","4,096 GiB",$44.62/hour,$25.9505/hour,$12.5279/hour,$4.6851/hour,,Yes,2.5,2.5,Memory,,,,,,
,,,,,~42% savings,~72% savings,~90% savings,,Yes,2.5,2.5,Memory,,,,,,
M416s v2,416,"5,700 GiB","8,192 GiB",$49.58/hour,$28.8352/hour,$13.9205/hour,$5.2059/hour,,Yes,2.5,2.5,Memory,,,,,,
,,,,,~42% savings,~72% savings,~90% savings,,Yes,2.5,2.5,Memory,,,,,,
M416ms v2,416,"11,400 GiB","8,192 GiB",$99.15/hour,$57.6645/hour,$27.8381/hour,$10.4108/hour,,Yes,2.5,2.5,Memory,,,,,,
,,,,,~42% savings,~72% savings,~90% savings,,Yes,2.5,2.5,Memory,,,,,,
DS11-1 v2,1 / 2,14 GiB,28 GiB,$0.149/hour,$0.0882/hour,$0.0583/hour,$0.0522/hour,,Yes,2.5,2.5,Memory,,TRUE,,,,
,,,,,~41% savings,~61% savings,~65% savings,,Yes,2.5,2.5,Memory,,TRUE,,,,
DS12-1 v2,1 / 4,28 GiB,56 GiB,$0.299/hour,$0.1764/hour,$0.1167/hour,$0.1048/hour,,Yes,2.5,2.5,Memory,,TRUE,,,,
,,,,,~41% savings,~61% savings,~65% savings,,Yes,2.5,2.5,Memory,,TRUE,,,,
DS12-2 v2,2 / 4,28 GiB,56 GiB,$0.299/hour,$0.1764/hour,$0.1167/hour,$0.1048/hour,,Yes,2.5,2.5,Memory,,TRUE,,,,
,,,,,~41% savings,~61% savings,~65% savings,,Yes,2.5,2.5,Memory,,TRUE,,,,
E4-2as v4,2 / 4,32 GiB,100 GiB,$0.252/hour,$0.1513/hour,$0.1008/hour,$0.0566/hour,,Yes,2.5,2.5,Memory,,TRUE,,,,
,,,,,~40% savings,~60% savings,~78% savings,,Yes,2.5,2.5,Memory,,TRUE,,,,
E4-2ds v4,2 / 4,32 GiB,150 GiB,$0.288/hour,$0.1699/hour,$0.1095/hour,$0.0429/hour,,Yes,2.5,2.5,Memory,,TRUE,,,,
,,,,,~41% savings,~62% savings,~85% savings,,Yes,2.5,2.5,Memory,,TRUE,,,,
E4-2s v3,2 / 4,32 GiB,64 GiB,$0.252/hour,$0.1564/hour,$0.10/hour,$0.0782/hour,,Yes,2.5,2.5,Memory,,TRUE,,,,
,,,,,~38% savings,~60% savings,~69% savings,,Yes,2.5,2.5,Memory,,TRUE,,,,
E4-2s v4,2 / 4,32 GiB,N/A,$0.252/hour,$0.1487/hour,$0.0958/hour,$0.0468/hour,,Yes,2.5,2.5,Memory,,TRUE,,,,
,,,,,~41% savings,~62% savings,~81% savings,,Yes,2.5,2.5,Memory,,TRUE,,,,
DS13-2 v2,2 / 8,56 GiB,112 GiB,$0.598/hour,$0.3528/hour,$0.2333/hour,$0.2095/hour,,Yes,2.5,2.5,Memory,,TRUE,,,,
,,,,,~41% savings,~61% savings,~65% savings,,Yes,2.5,2.5,Memory,,TRUE,,,,
E8-2as v4,2 / 8,64 GiB,200 GiB,$0.504/hour,$0.3024/hour,$0.2016/hour,$0.1132/hour,,Yes,2.5,2.5,Memory,,TRUE,,,,
,,,,,~40% savings,~60% savings,~78% savings,,Yes,2.5,2.5,Memory,,TRUE,,,,
E8-2ds v4,2 / 8,64 GiB,300 GiB,$0.576/hour,$0.3399/hour,$0.2189/hour,$0.0858/hour,,Yes,2.5,2.5,Memory,,TRUE,,,,
,,,,,~41% savings,~62% savings,~85% savings,,Yes,2.5,2.5,Memory,,TRUE,,,,
E8-2s v3,2 / 8,64 GiB,128 GiB,$0.504/hour,$0.3128/hour,$0.2001/hour,$0.1564/hour,,Yes,2.5,2.5,Memory,,TRUE,,,,
,,,,,~38% savings,~60% savings,~69% savings,,Yes,2.5,2.5,Memory,,TRUE,,,,
E8-2s v4,2 / 8,64 GiB,N/A,$0.504/hour,$0.2974/hour,$0.1916/hour,$0.0935/hour,,Yes,2.5,2.5,Memory,,TRUE,,,,
,,,,,~41% savings,~62% savings,~81% savings,,Yes,2.5,2.5,Memory,,TRUE,,,,
M8-2ms,2 / 8,218.75 GiB,256 GiB,$1.5365/hour,$0.8836/hour,$0.4299/hour,$0.3227/hour,,Yes,2.5,2.5,Memory,,TRUE,,,,
,,,,,~42% savings,~72% savings,~79% savings,,Yes,2.5,2.5,Memory,,TRUE,,,,
DS13-4 v2,4 / 8,56 GiB,112 GiB,$0.598/hour,$0.3528/hour,$0.2333/hour,$0.2095/hour,,Yes,2.5,2.5,Memory,,TRUE,,,,
,,,,,~41% savings,~61% savings,~65% savings,,Yes,2.5,2.5,Memory,,TRUE,,,,
E8-4as v4,4 / 8,64 GiB,200 GiB,$0.504/hour,$0.3024/hour,$0.2016/hour,$0.1132/hour,,Yes,2.5,2.5,Memory,,TRUE,,,,
,,,,,~40% savings,~60% savings,~78% savings,,Yes,2.5,2.5,Memory,,TRUE,,,,
E8-4ds v4,4 / 8,64 GiB,300 GiB,$0.576/hour,$0.3399/hour,$0.2189/hour,$0.0858/hour,,Yes,2.5,2.5,Memory,,TRUE,,,,
,,,,,~41% savings,~62% savings,~85% savings,,Yes,2.5,2.5,Memory,,TRUE,,,,
E8-4s v3,4 / 8,64 GiB,128 GiB,$0.504/hour,$0.3128/hour,$0.2001/hour,$0.1564/hour,,Yes,2.5,2.5,Memory,,TRUE,,,,
,,,,,~38% savings,~60% savings,~69% savings,,Yes,2.5,2.5,Memory,,TRUE,,,,
E8-4s v4,4 / 8,64 GiB,N/A,$0.504/hour,$0.2974/hour,$0.1916/hour,$0.0935/hour,,Yes,2.5,2.5,Memory,,TRUE,,,,
,,,,,~41% savings,~62% savings,~81% savings,,Yes,2.5,2.5,Memory,,TRUE,,,,
DS14-4 v2,4 / 16,112 GiB,224 GiB,$1.196/hour,$0.7058/hour,$0.4666/hour,$0.4190/hour,,Yes,2.5,2.5,Memory,,TRUE,,,,
,,,,,~41% savings,~61% savings,~65% savings,,Yes,2.5,2.5,Memory,,TRUE,,,,
E16-4as v4,4 / 16,128 GiB,400 GiB,$1.008/hour,$0.6048/hour,$0.4032/hour,$0.2264/hour,,Yes,2.5,2.5,Memory,,TRUE,,,,
,,,,,~40% savings,~60% savings,~78% savings,,Yes,2.5,2.5,Memory,,TRUE,,,,
E16-4ds v4,4 / 16,128 GiB,600 GiB,$1.152/hour,$0.6797/hour,$0.4378/hour,$0.1716/hour,,Yes,2.5,2.5,Memory,,TRUE,,,,
,,,,,~41% savings,~62% savings,~85% savings,,Yes,2.5,2.5,Memory,,TRUE,,,,
E16-4s v3,4 / 16,128 GiB,256 GiB,$1.008/hour,$0.6257/hour,$0.4001/hour,$0.3127/hour,,Yes,2.5,2.5,Memory,,TRUE,,,,
,,,,,~38% savings,~60% savings,~69% savings,,Yes,2.5,2.5,Memory,,TRUE,,,,
E16-4s v4,4 / 16,128 GiB,N/A,$1.008/hour,$0.5948/hour,$0.3831/hour,$0.1870/hour,,Yes,2.5,2.5,Memory,,TRUE,,,,
,,,,,~41% savings,~62% savings,~81% savings,,Yes,2.5,2.5,Memory,,TRUE,,,,
M8-4ms,4 / 8,218.75 GiB,256 GiB,$1.5365/hour,$0.8836/hour,$0.4299/hour,$0.3227/hour,,Yes,2.5,2.5,Memory,,TRUE,,,,
,,,,,~42% savings,~72% savings,~79% savings,,Yes,2.5,2.5,Memory,,TRUE,,,,
Gs4-4,4 / 16,224 GiB,"3,072 GiB",$3.922/hour,N/A,N/A,$0.3922/hour,,Yes,2.5,2.5,Memory,,TRUE,,,,
,,,,,,,~90% savings,,Yes,2.5,2.5,Memory,,TRUE,,,,
M16-4ms,4 / 16,437.5 GiB,256 GiB,$3.073/hour,$1.7673/hour,$0.8597/hour,$0.6454/hour,,Yes,2.5,2.5,Memory,,TRUE,,,,
,,,,,~42% savings,~72% savings,~79% savings,,Yes,2.5,2.5,Memory,,TRUE,,,,
DS14-8 v2,8 / 16,112 GiB,224 GiB,$1.196/hour,$0.7058/hour,$0.4666/hour,$0.4190/hour,,Yes,2.5,2.5,Memory,,TRUE,,,,
,,,,,~41% savings,~61% savings,~65% savings,,Yes,2.5,2.5,Memory,,TRUE,,,,
E16-8as v4,8 / 16,128 GiB,400 GiB,$1.008/hour,$0.6048/hour,$0.4032/hour,$0.2264/hour,,Yes,2.5,2.5,Memory,,TRUE,,,,
,,,,,~40% savings,~60% savings,~78% savings,,Yes,2.5,2.5,Memory,,TRUE,,,,
E16-8ds v4,8 / 16,128 GiB,600 GiB,$1.152/hour,$0.6797/hour,$0.4378/hour,$0.1716/hour,,Yes,2.5,2.5,Memory,,TRUE,,,,
,,,,,~41% savings,~62% savings,~85% savings,,Yes,2.5,2.5,Memory,,TRUE,,,,
E16-8s v3,8 / 16,128 GiB,256 GiB,$1.008/hour,$0.6257/hour,$0.4001/hour,$0.3127/hour,,Yes,2.5,2.5,Memory,,TRUE,,,,
,,,,,~38% savings,~60% savings,~69% savings,,Yes,2.5,2.5,Memory,,TRUE,,,,
E16-8s v4,8 / 16,128 GiB,N/A,$1.008/hour,$0.5948/hour,$0.3831/hour,$0.1870/hour,,Yes,2.5,2.5,Memory,,TRUE,,,,
,,,,,~41% savings,~62% savings,~81% savings,,Yes,2.5,2.5,Memory,,TRUE,,,,
Gs4-8,8 / 16,224 GiB,"3,072 GiB",$3.922/hour,N/A,N/A,$0.3922/hour,,Yes,2.5,2.5,Memory,,TRUE,,,,
,,,,,,,~90% savings,,Yes,2.5,2.5,Memory,,TRUE,,,,
E32-8as v4,8 / 32,256 GiB,800 GiB,$2.016/hour,$1.2096/hour,$0.8064/hour,$0.4528/hour,,Yes,2.5,2.5,Memory,,TRUE,,,,
,,,,,~40% savings,~60% savings,~78% savings,,Yes,2.5,2.5,Memory,,TRUE,,,,
E32-8ds v4,8 / 32,256 GiB,"1,200 GiB",$2.304/hour,$1.3594/hour,$0.8756/hour,$0.3431/hour,,Yes,2.5,2.5,Memory,,TRUE,,,,
,,,,,~41% savings,~62% savings,~85% savings,,Yes,2.5,2.5,Memory,,TRUE,,,,
E32-8s v3,8 / 32,256 GiB,512 GiB,$2.016/hour,$1.2513/hour,$0.8002/hour,$0.6254/hour,,Yes,2.5,2.5,Memory,,TRUE,,,,
,,,,,~38% savings,~60% savings,~69% savings,,Yes,2.5,2.5,Memory,,TRUE,,,,
E32-8s v4,8 / 32,256 GiB,N/A,$2.016/hour,$1.1894/hour,$0.7661/hour,$0.3740/hour,,Yes,2.5,2.5,Memory,,TRUE,,,,
,,,,,~41% savings,~62% savings,~81% savings,,Yes,2.5,2.5,Memory,,TRUE,,,,
M16-8ms,8 / 16,437.5 GiB,256 GiB,$3.073/hour,$1.7673/hour,$0.8597/hour,$0.6454/hour,,Yes,2.5,2.5,Memory,,TRUE,,,,
,,,,,~42% savings,~72% savings,~79% savings,,Yes,2.5,2.5,Memory,,TRUE,,,,
Gs5-8,8 / 32,448 GiB,"6,144 GiB",$7.82/hour,N/A,N/A,$0.782/hour,,Yes,2.5,2.5,Memory,,TRUE,,,,
,,,,,,,~90% savings,,Yes,2.5,2.5,Memory,,TRUE,,,,
M32-8ms,8 / 32,875 GiB,"1,024 GiB",$6.146/hour,$3.5344/hour,$1.7195/hour,$1.2907/hour,,Yes,2.5,2.5,Memory,,TRUE,,,,
,,,,,~42% savings,~72% savings,~79% savings,,Yes,2.5,2.5,Memory,,TRUE,,,,
E32-16as v4,16 / 32,256 GiB,800 GiB,$2.016/hour,$1.2096/hour,$0.8064/hour,$0.4528/hour,,Yes,2.5,2.5,Memory,,TRUE,,,,
,,,,,~40% savings,~60% savings,~78% savings,,Yes,2.5,2.5,Memory,,TRUE,,,,
E32-16ds v4,16 / 32,256 GiB,"1,200 GiB",$2.304/hour,$1.3594/hour,$0.8756/hour,$0.3431/hour,,Yes,2.5,2.5,Memory,,TRUE,,,,
,,,,,~41% savings,~62% savings,~85% savings,,Yes,2.5,2.5,Memory,,TRUE,,,,
E32-16s v3,16 / 32,256 GiB,512 GiB,$2.016/hour,$1.2513/hour,$0.8002/hour,$0.6254/hour,,Yes,2.5,2.5,Memory,,TRUE,,,,
,,,,,~38% savings,~60% savings,~69% savings,,Yes,2.5,2.5,Memory,,TRUE,,,,
E32-16s v4,16 / 32,256 GiB,N/A,$2.016/hour,$1.1894/hour,$0.7661/hour,$0.3740/hour,,Yes,2.5,2.5,Memory,,TRUE,,,,
,,,,,~41% savings,~62% savings,~81% savings,,Yes,2.5,2.5,Memory,,TRUE,,,,
E64-16s v3,16 / 64,432 GiB,864 GiB,$3.629/hour,$2.3586/hour,$1.5083/hour,$1.1258/hour,,Yes,2.5,2.5,Memory,,TRUE,,,,
,,,,,~35% savings,~58% savings,~69% savings,,Yes,2.5,2.5,Memory,,TRUE,,,,
Gs5-16,16 / 32,448 GiB,"6,144 GiB",$7.82/hour,N/A,N/A,$0.782/hour,,Yes,2.5,2.5,Memory,,TRUE,,,,
,,,,,,,~90% savings,,Yes,2.5,2.5,Memory,,TRUE,,,,
E64-16ds v4,16 / 64,504 GiB,"2,400 GiB",$4.608/hour,$2.7188/hour,$1.7511/hour,$0.6862/hour,,Yes,2.5,2.5,Memory,,TRUE,,,,
,,,,,~41% savings,~62% savings,~85% savings,,Yes,2.5,2.5,Memory,,TRUE,,,,
E64-16s v4,16 / 64,504 GiB,N/A,$4.032/hour,$2.3789/hour,$1.5322/hour,$0.7480/hour,,Yes,2.5,2.5,Memory,,TRUE,,,,
,,,,,~41% savings,~62% savings,~81% savings,,Yes,2.5,2.5,Memory,,TRUE,,,,
E64-16as v4,16 / 64,512 GiB,"1,600 GiB",$4.032/hour,$2.4192/hour,$1.6128/hour,$0.9056/hour,,Yes,2.5,2.5,Memory,,TRUE,,,,
,,,,,~40% savings,~60% savings,~78% savings,,Yes,2.5,2.5,Memory,,TRUE,,,,
M32-16ms,16 / 32,875 GiB,"1,024 GiB",$6.146/hour,$3.5344/hour,$1.7195/hour,$1.2907/hour,,Yes,2.5,2.5,Memory,,TRUE,,,,
,,,,,~42% savings,~72% savings,~79% savings,,Yes,2.5,2.5,Memory,,TRUE,,,,
M64-16ms,16 / 64,"1,750 GiB","2,048 GiB",$10.337/hour,$5.9285/hour,$2.8841/hour,$2.1708/hour,,Yes,2.5,2.5,Memory,,TRUE,,,,
,,,,,~43% savings,~72% savings,~79% savings,,Yes,2.5,2.5,Memory,,TRUE,,,,
E96-24as v4,24 / 96,672 GiB,"2,400 GiB",$6.048/hour,$3.6288/hour,$2.4193/hour,$1.3584/hour,,Yes,2.5,2.5,Memory,,TRUE,,,,
,,,,,~40% savings,~60% savings,~78% savings,,Yes,2.5,2.5,Memory,,TRUE,,,,
E64-32s v3,32 / 64,432 GiB,864 GiB,$3.629/hour,$2.3586/hour,$1.5083/hour,$1.1258/hour,,Yes,2.5,2.5,Memory,,TRUE,,,,
,,,,,~35% savings,~58% savings,~69% savings,,Yes,2.5,2.5,Memory,,TRUE,,,,
E64-32ds v4,32 / 64,504 GiB,"2,400 GiB",$4.608/hour,$2.7188/hour,$1.7511/hour,$0.6862/hour,,Yes,2.5,2.5,Memory,,TRUE,,,,
,,,,,~41% savings,~62% savings,~85% savings,,Yes,2.5,2.5,Memory,,TRUE,,,,
E64-32s v4,32 / 64,504 GiB,N/A,$4.032/hour,$2.3789/hour,$1.5322/hour,$0.7480/hour,,Yes,2.5,2.5,Memory,,TRUE,,,,
,,,,,~41% savings,~62% savings,~81% savings,,Yes,2.5,2.5,Memory,,TRUE,,,,
E64-32as v4,32 / 64,512 GiB,"1,600 GiB",$4.032/hour,$2.4192/hour,$1.6128/hour,$0.9056/hour,,Yes,2.5,2.5,Memory,,TRUE,,,,
,,,,,~40% savings,~60% savings,~78% savings,,Yes,2.5,2.5,Memory,,TRUE,,,,
M64-32ms,32 / 64,"1,750 GiB","2,048 GiB",$10.337/hour,$5.9285/hour,$2.8841/hour,$2.1708/hour,,Yes,2.5,2.5,Memory,,TRUE,,,,
,,,,,~43% savings,~72% savings,~79% savings,,Yes,2.5,2.5,Memory,,TRUE,,,,
M128-32ms,32 / 128,"3,800 GiB","4,096 GiB",$26.688/hour,$15.3061/hour,$7.4461/hour,$5.6045/hour,,Yes,2.5,2.5,Memory,,TRUE,,,,
,,,,,~43% savings,~72% savings,~79% savings,,Yes,2.5,2.5,Memory,,TRUE,,,,
E96-48as v4,48 / 96,672 GiB,"2,400 GiB",$6.048/hour,$3.6288/hour,$2.4193/hour,$1.3584/hour,,Yes,2.5,2.5,Memory,,TRUE,,,,
,,,,,~40% savings,~60% savings,~78% savings,,Yes,2.5,2.5,Memory,,TRUE,,,,
M128-64ms,64 / 128,"3,800 GiB","4,096 GiB",$26.688/hour,$15.3061/hour,$7.4461/hour,$5.6045/hour,,Yes,2.5,2.5,Memory,,TRUE,,,,
,,,,,~43% savings,~72% savings,~79% savings,,Yes,2.5,2.5,Memory,,TRUE,,,,
H8,8,56 GiB,"1,000 GiB",$0.796/hour,$0.5378/hour,$0.3531/hour,$0.1672/hour,,No,3.2,3.6,High Performance,,,,,,
,,,,,~32% savings,~56% savings,~79% savings,,No,3.2,3.6,High Performance,,,,,,
H8m,8,112 GiB,"1,000 GiB",$1.066/hour,$0.7207/hour,$0.4731/hour,$0.2239/hour,,No,3.2,3.6,High Performance,,,,,,
,,,,,~32% savings,~56% savings,~79% savings,,No,3.2,3.6,High Performance,,,,,,
H16r,16,112 GiB,"2,000 GiB",$1.75/hour,$1.1834/hour,$0.7767/hour,$0.3675/hour,,No,3.2,3.6,High Performance,,,,,,
,,,,,~32% savings,~56% savings,~79% savings,,No,3.2,3.6,High Performance,,,,,,
H16,16,112 GiB,"2,000 GiB",$1.591/hour,$1.0757/hour,$0.7061/hour,$0.3342/hour,,No,3.2,3.6,High Performance,,,,,,
,,,,,~32% savings,~56% savings,~79% savings,,No,3.2,3.6,High Performance,,,,,,
H16mr,16,224 GiB,"2,000 GiB",$2.345/hour,$1.5857/hour,$1.0408/hour,$0.4925/hour,,No,3.2,3.6,High Performance,,,,,,
,,,,,~32% savings,~56% savings,~79% savings,,No,3.2,3.6,High Performance,,,,,,
H16m,16,224 GiB,"2,000 GiB",$2.132/hour,$1.4415/hour,$0.9462/hour,$0.4478/hour,,No,3.2,3.6,High Performance,,,,,,
,,,,,~32% savings,~56% savings,~79% savings,,No,3.2,3.6,High Performance,,,,,,
H8 Promo,8,56 GiB,"1,000 GiB",$0.477/hour,– –Blank,– –Blank,– –Blank,,No,3.2,3.6,High Performance,,,,,,
H8m Promo,8,112 GiB,"1,000 GiB",$0.64/hour,– –Blank,– –Blank,– –Blank,,No,3.2,3.6,High Performance,,,,,,
H16 Promo,16,112 GiB,"2,000 GiB",$0.955/hour,– –Blank,– –Blank,– –Blank,,No,3.2,3.6,High Performance,,,,,,
H16r Promo,16,112 GiB,"2,000 GiB",$1.05/hour,– –Blank,– –Blank,– –Blank,,No,3.2,3.6,High Performance,,,,,,
H16m Promo,16,224 GiB,"2,000 GiB",$1.279/hour,– –Blank,– –Blank,– –Blank,,No,3.2,3.6,High Performance,,,,,,
H16mr Promo,16,224 GiB,"2,000 GiB",$1.407/hour,– –Blank,– –Blank,– –,,No,3.2,3.6,High Performance,,,,,,
HB120rs v2,120,456 GiB,900 GiB,$3.60/hour,$2.70/hour,$1.80/hour,$0.8435/hou,,No,3.2,3.6,High Performance,,,,,,
,,,,,~25% savings,~50% savings,,,No,3.2,3.6,High Performance,,,,,,
HC44rs,44,352 GiB,700 GiB,$3.168/hour,$2.6929/hour,$2.2177/hour,$0.7689/hour,,No,3.2,3.6,High Performance,,,,,,
,,,,,~15% savings,~30% savings,~76% savings,,No,3.2,3.6,High Performance,,,,,,
L4s,4,32 GiB,678 GiB,$0.312/hour,$0.2753/hour,N/A,$0.0654/hour,,Yes,2,2,Storage Optimized,,,,,,
,,,,,~12% savings,,~79% savings,,Yes,2,2,Storage Optimized,,,,,,
L8s,8,64 GiB,"1,388 GiB",$0.624/hour,$0.5506/hour,N/A,$0.1307/hour,,Yes,2,2,Storage Optimized,,,,,,
,,,,,~12% savings,,~79% savings,,Yes,2,2,Storage Optimized,,,,,,
L16s,16,128 GiB,"2,807 GiB",$1.248/hour,$1.1012/hour,N/A,$0.2614/hour,,Yes,2,2,Storage Optimized,,,,,,
,,,,,~12% savings,,~79% savings,,Yes,2,2,Storage Optimized,,,,,,
L32s,32,256 GiB,"5,630 GiB",$2.496/hour,$2.2024/hour,N/A,$0.5228/hour,,Yes,2,2,Storage Optimized,,,,,,
,,,,,~12% savings,,~79% savings,,Yes,2,2,Storage Optimized,,,,,,
L8s v2,8,64 GiB,80 GiB,$0.624/hour,$0.3975/hour,$0.2640/hour,$0.1311/hour,,No,2.55,3,Storage Optimized,,,1 x 1.9 TB,,,
,,,,,~36% savings,~58% savings,~79% savings,,No,2.55,3,Storage Optimized,,,,,,
L16s v2,16,128 GiB,160 GiB,$1.248/hour,$0.7950/hour,$0.5279/hour,$0.2621/hour,,No,2.55,3,Storage Optimized,,,2 x 1.9 TB,,,
,,,,,~36% savings,~58% savings,~79% savings,,No,2.55,3,Storage Optimized,,,,,,
L32s v2,32,256 GiB,320 GiB,$2.496/hour,$1.5900/hour,$1.0559/hour,$0.5242/hour,,No,2.55,3,Storage Optimized,,,4 x 1.9 TB,,,
,,,,,~36% savings,~58% savings,~79% savings,,No,2.55,3,Storage Optimized,,,,,,
L48s v2,48,384 GiB,480 GiB,$3.744/hour,$2.3850/hour,$1.5838/hour,$0.7863/hour,,No,2.55,3,Storage Optimized,,,6 x 1.9 TB,,,
,,,,,~36% savings,~58% savings,~79% savings,,No,2.55,3,Storage Optimized,,,,,,
L64s v2,64,512 GiB,640 GiB,$4.992/hour,$3.1800/hour,$2.1117/hour,$1.0484/hour,,No,2.55,3,Storage Optimized,,,8 x 1.9 TB,,,
,,,,,~36% savings,~58% savings,~79% savings,,No,2.55,3,Storage Optimized,,,,,,
L80s v2,80,640 GiB,800 GiB,$6.24/hour,$3.9749/hour,$2.6396/hour,$1.3104/hour,,No,2.55,3,Storage Optimized,,,10 x 1.9 TB,,,
,,,,,~36% savings,~58% savings,~79% savings,,No,2.55,3,Storage Optimized,,,,,,
NC6,6,56 GiB,340 GiB,$0.90/hour,$0.5733/hour,$0.3996/hour,$0.1227/hour,,No,,,GPU Optimized,,,,1X K80,NVIDIA Tesla,
,,,,,~36% savings,~56% savings,~86% savings,,No,,,GPU Optimized,,,,,NVIDIA Tesla,
NC12,12,112 GiB,680 GiB,$1.80/hour,$1.1466/hour,$0.7991/hour,$0.2454/hour,,No,,,GPU Optimized,,,,2X K80,NVIDIA Tesla,
,,,,,~36% savings,~56% savings,~86% savings,,No,,,GPU Optimized,,,,,NVIDIA Tesla,
NC24r,24,224 GiB,"1,440 GiB",$3.96/hour,$2.5224/hour,$1.7578/hour,$0.5398/hour,,No,,,GPU Optimized,,,,4X K80,NVIDIA Tesla,
,,,,,~36% savings,~56% savings,~86% savings,,No,,,GPU Optimized,,,,,NVIDIA Tesla,
NC24,24,224 GiB,"1,440 GiB",$3.60/hour,$2.2932/hour,$1.5981/hour,$0.4907/hour,,No,,,GPU Optimized,,,,4X K80,NVIDIA Tesla,
,,,,,~36% savings,~56% savings,~86% savings,,No,,,GPU Optimized,,,,,NVIDIA Tesla,
NC6 Promo,6,56 GiB,340 GiB,$0.396/hour,– –Blank,– –Blank,– –Blank,,No,,,GPU Optimized,,,,1x K80,NVIDIA Tesla,
NC12 Promo,12,112 GiB,680 GiB,$0.792/hour,– –Blank,– –Blank,– –Blank,,No,,,GPU Optimized,,,,2x K80,NVIDIA Tesla,
NC24 Promo,24,224 GiB,"1,440 GiB",$1.584/hour,– –Blank,– –Blank,– –Blank,,No,,,GPU Optimized,,,,4X K80,NVIDIA Tesla,
NC24r Promo,24,224 GiB,"1,440 GiB",$1.742/hour,– –Blank,– –Blank,– –Blank,,No,,,GPU Optimized,,,,4X K80,NVIDIA Tesla,
NC6s v2,6,112 GiB,336 GiB,$2.07/hour,$1.3187/hour,$0.9189/hour,$0.2821/hour,,No,,,GPU Optimized,,,,1X P100,NVIDIA Tesla P100,
,,,,,~36% savings,~56% savings,~86% savings,,No,,,GPU Optimized,,,,,NVIDIA Tesla P100,
NC12s v2,12,224 GiB,672 GiB,$4.14/hour,$2.6371/hour,$1.8378/hour,$0.5641/hour,,No,,,GPU Optimized,,,,2X P100,NVIDIA Tesla P100,
,,,,,~36% savings,~56% savings,~86% savings,,No,,,GPU Optimized,,,,,NVIDIA Tesla P100,
NC24rs v2,24,448 GiB,"1,344 GiB",$9.108/hour,$5.8015/hour,$4.0430/hour,$1.2409/hour,,No,,,GPU Optimized,,,,4X P100,NVIDIA Tesla P100,
,,,,,~36% savings,~56% savings,~86% savings,,No,,,GPU Optimized,,,,,NVIDIA Tesla P100,
NC24s v2,24,448 GiB,"1,344 GiB",$8.28/hour,$5.2742/hour,$3.6755/hour,$1.1281/hour,,No,,,GPU Optimized,,,,4X P100,NVIDIA Tesla P100,
,,,,,~36% savings,~56% savings,~86% savings,,No,,,GPU Optimized,,,,,NVIDIA Tesla P100,
NC6s v3,6,112 GiB,336 GiB,$3.06/hour,$1.9492/hour,$0.9792/hour,$0.5377/hour,,No,,,GPU Optimized,,,,1X V100,NVIDIA Tesla P100,
,,,,,~36% savings,~68% savings,~82% savings,,No,,,GPU Optimized,,,,,NVIDIA Tesla P100,
NC12s v3,12,224 GiB,672 GiB,$6.12/hour,$3.8984/hour,$1.9585/hour,$1.0753/hour,,No,,,GPU Optimized,,,,2X V100,NVIDIA Tesla P100,
,,,,,~36% savings,~68% savings,~82% savings,,No,,,GPU Optimized,,,,,NVIDIA Tesla P100,
NC24rs v3,24,448 GiB,"1,344 GiB",$13.464/hour,$8.5766/hour,$5.1002/hour,$2.3657/hour,,No,,,GPU Optimized,,,,4X V100,NVIDIA Tesla P100,
,,,,,~36% savings,~62% savings,~82% savings,,No,,,GPU Optimized,,,,,NVIDIA Tesla P100,
NC24s v3,24,448 GiB,"1,344 GiB",$12.24/hour,$7.7970/hour,$3.9169/hour,$2.1506/hour,,No,,,GPU Optimized,,,,4X V100,NVIDIA Tesla P100,
,,,,,~36% savings,~68% savings,~82% savings,,No,,,GPU Optimized,,,,,NVIDIA Tesla P100,
Instance,vCPU(s),RAM,Temporary,Pay as you go with AHB,1 year reserved with AHB,3 year reserved with AHB,Spot with AHB,Add to,No,,,GPU Optimized,,,,GPU,NVIDIA T4,TRUE
,,,storage,,,,,estimate,No,,,GPU Optimized,,,,,NVIDIA T4,TRUE
NC4as T4 v3,4,28 GiB,180 GiB,$0.526/hour,$0.3104/hour,$0.1999/hour,$0.1105/hour,,No,,,GPU Optimized,,,,1X T4,NVIDIA T4,TRUE
,,,,,~41% savings,~62% savings,~79% savings,,No,,,GPU Optimized,,,,,NVIDIA Tesla,TRUE
NC8as T4 v3,8,56 GiB,360 GiB,$0.752/hour,$0.4438/hour,$0.2858/hour,$0.1580/hour,,No,,,GPU Optimized,,,,1X T4,NVIDIA Tesla,TRUE
,,,,,~41% savings,~62% savings,~79% savings,,No,,,GPU Optimized,,,,,NVIDIA Tesla,TRUE
NC16as T4 v3,16,110 GiB,360 GiB,$1.204/hour,$0.7104/hour,$0.4576/hour,$0.2529/hour,,No,,,GPU Optimized,,,,1X T4,NVIDIA Tesla,TRUE
,,,,,~41% savings,~62% savings,~79% savings,,No,,,GPU Optimized,,,,,NVIDIA Tesla,TRUE
NC64as T4 v3,64,440 GiB,"2,880 GiB",$4.352/hour,$2.5677/hour,$1.6538/hour,$0.9140/hour,,No,,,GPU Optimized,,,,4X T4,NVIDIA Tesla,TRUE
,,,,,~41% savings,~62% savings,~79% savings,,No,,,GPU Optimized,,,,,NVIDIA Tesla,TRUE
NV12s v3,12,112 GiB,736 GiB,$1.14/hour,$0.7262/hour,$0.5062/hour,$0.2394/hour,,Yes,,,GPU Optimized,,,,1X M60,NVIDIA Tesla M60,TRUE
,,,,,~36% savings,~56% savings,~79% savings,,Yes,,,GPU Optimized,,,,,NVIDIA Tesla M60,TRUE
NV24s v3,24,224 GiB,"1,474 GiB",$2.28/hour,$1.4524/hour,$1.0124/hour,$0.4788/hour,,Yes,,,GPU Optimized,,,,2X M60,NVIDIA Tesla M60,TRUE
,,,,,~36% savings,~56% savings,~79% savings,,Yes,,,GPU Optimized,,,,,NVIDIA Tesla M60,TRUE
NV48s v3,48,448 GiB,"2,948 GiB",$4.56/hour,$2.9047/hour,$2.0247/hour,$0.9576/hour,,Yes,,,GPU Optimized,,,,4X M60,NVIDIA Tesla M60,TRUE
,,,,,~36% savings,~56% savings,~79% savings,,Yes,,,GPU Optimized,,,,,NVIDIA Tesla M60,TRUE
NV4as v4,4,14 GiB,88 GiB,$0.233/hour,$0.1491/hour,$0.1026/hour,$0.0470/hour,,No,,,GPU Optimized,,,,1/8th MI25 (2GB VRAM),AMD Radeon Instinct MI25 GPU,
,,,,,~36% savings,~56% savings,~80% savings,,No,,,GPU Optimized,,,,,AMD Radeon Instinct MI25 GPU,
NV8as v4,8,28 GiB,176 GiB,$0.466/hour,$0.2983/hour,$0.2051/hour,$0.0940/hour,,No,,,GPU Optimized,,,,1/4th MI25 (4GB VRAM),AMD Radeon Instinct MI25 GPU,
,,,,,~36% savings,~56% savings,~80% savings,,No,,,GPU Optimized,,,,,AMD Radeon Instinct MI25 GPU,
NV16as v4,16,56 GiB,352 GiB,$0.932/hour,$0.5965/hour,$0.4101/hour,$0.1879/hour,,No,,,GPU Optimized,,,,1/2 MI25 (8GB VRAM),AMD Radeon Instinct MI25 GPU,
,,,,,~36% savings,~56% savings,~80% savings,,No,,,GPU Optimized,,,,,AMD Radeon Instinct MI25 GPU,
NV32as v4,32,112 GiB,700 GiB,$1.864/hour,$1.1930/hour,$0.8202/hour,$0.3757/hour,,No,,,GPU Optimized,,,,1x MI25 (16GB VRAM),AMD Radeon Instinct MI25 GPU,
,,,,,~36% savings,~56% savings,~80% savings,,No,,,GPU Optimized,,,,,AMD Radeon Instinct MI25 GPU,
ND6s,6,112 GiB,336 GiB,$2.07/hour,$1.3187/hour,$0.9189/hour,$0.2821/hour,,No,,,GPU Optimized,,,,1X P40,NVIDIA Tesla P40,
,,,,,~36% savings,~56% savings,~86% savings,,No,,,GPU Optimized,,,,,NVIDIA Tesla P40,
ND12s,12,224 GiB,672 GiB,$4.14/hour,$2.6371/hour,$1.8378/hour,$0.5641/hour,,No,,,GPU Optimized,,,,2X P40,NVIDIA Tesla P40,
,,,,,~36% savings,~56% savings,~86% savings,,No,,,GPU Optimized,,,,,NVIDIA Tesla P40,
ND24rs,24,448 GiB,"1,344 GiB",$9.108/hour,$5.8015/hour,$4.0430/hour,$1.2409/hour,,No,,,GPU Optimized,,,,4X P40,NVIDIA Tesla P40,
,,,,,~36% savings,~56% savings,~86% savings,,No,,,GPU Optimized,,,,,NVIDIA Tesla P40,
ND24s,24,448 GiB,"1,344 GiB",$8.28/hour,$5.2742/hour,$3.6755/hour,$1.1281/hour,,No,,,GPU Optimized,,,,4X P40,NVIDIA Tesla P40,
,,,,,~36% savings,~56% savings,~86% savings,,No,,,GPU Optimized,,,,,NVIDIA Tesla P40,
ND40rs v2,40,672 GiB,"2,900 GiB",$22.032/hour,$10.7957/hour,N/A,$2.4236/hour,,No,,,GPU Optimized,,,,8X V100 (NVlink),NVIDIA V100 Tensor Core,
,,,,,~51% savings,,~89% savings,,No,,,GPU Optimized,,,,,NVIDIA V100 Tensor Core,
ND96asr A100 v4,96,900 GiB,"6,500 GiB",$27.197/hour,$18.8284/hour,$10.8788/hour,$10.8788/hour,,No,,,GPU Optimized,,,,8x A100 (NVlink),NVIDIA Ampere A100 Tensor Core,
,,,,,~31% savings,~60% savings,~60% savings,,No,,,GPU Optimized,,,,,NVIDIA Ampere A100 Tensor Core,
